/*
Navicat MySQL Data Transfer

Source Server         : localhost_3306
Source Server Version : 50555
Source Host           : localhost:3306
Source Database       : db_news

Target Server Type    : MYSQL
Target Server Version : 50555
File Encoding         : 65001

Date: 2023-04-06 22:48:36
*/

SET FOREIGN_KEY_CHECKS=0;

-- ----------------------------
-- Table structure for t_comment
-- ----------------------------
DROP TABLE IF EXISTS `t_comment`;
CREATE TABLE `t_comment` (
  `commentId` int(11) NOT NULL AUTO_INCREMENT,
  `newsId` int(11) DEFAULT NULL,
  `content` varchar(200) DEFAULT NULL,
  `userIP` varchar(40) DEFAULT NULL,
  `commentDate` varchar(20) DEFAULT NULL,
  PRIMARY KEY (`commentId`)
) ENGINE=InnoDB AUTO_INCREMENT=22 DEFAULT CHARSET=utf8;

-- ----------------------------
-- Records of t_comment
-- ----------------------------
INSERT INTO `t_comment` VALUES ('5', '104', '是是', '127.0.0.1', '2014-03-14 09:04:02');
INSERT INTO `t_comment` VALUES ('6', '104', '是是', '127.0.0.1', '2014-03-14 09:04:19');
INSERT INTO `t_comment` VALUES ('7', '104', '算法', '0:0:0:0:0:0:0:1', '2014-04-17 08:35:21');
INSERT INTO `t_comment` VALUES ('11', '104', 'da', '127.0.0.1', '2014-05-12 08:44:45');
INSERT INTO `t_comment` VALUES ('12', '104', 'dsa', '127.0.0.1', '2014-05-12 08:44:48');
INSERT INTO `t_comment` VALUES ('13', '107', '测试评论', '127.0.0.1', '2014-05-29 15:25:44');
INSERT INTO `t_comment` VALUES ('14', '136', '77676', '127.0.0.1', '2017-01-03 16:33:08');
INSERT INTO `t_comment` VALUES ('15', '117', '8998', '127.0.0.1', '2017-01-03 16:33:39');
INSERT INTO `t_comment` VALUES ('16', '131', '887655', '127.0.0.1', '2017-01-03 16:33:46');
INSERT INTO `t_comment` VALUES ('17', '131', '9988', '127.0.0.1', '2017-01-03 16:33:52');
INSERT INTO `t_comment` VALUES ('18', '129', '09098789', '127.0.0.1', '2017-01-03 16:33:58');
INSERT INTO `t_comment` VALUES ('19', '135', '9988', '127.0.0.1', '2017-01-03 16:34:11');
INSERT INTO `t_comment` VALUES ('20', '135', '0909', '127.0.0.1', '2017-01-03 16:34:17');
INSERT INTO `t_comment` VALUES ('21', '127', '11', '127.0.0.1', '2017-01-03 17:01:10');

-- ----------------------------
-- Table structure for t_link
-- ----------------------------
DROP TABLE IF EXISTS `t_link`;
CREATE TABLE `t_link` (
  `linkId` int(11) NOT NULL AUTO_INCREMENT,
  `linkName` varchar(20) DEFAULT NULL,
  `linkUrl` varchar(40) DEFAULT NULL,
  `linkEmail` varchar(40) DEFAULT NULL,
  `orderNum` int(11) DEFAULT NULL,
  PRIMARY KEY (`linkId`)
) ENGINE=InnoDB AUTO_INCREMENT=24 DEFAULT CHARSET=utf8;

-- ----------------------------
-- Records of t_link
-- ----------------------------
INSERT INTO `t_link` VALUES ('2', '百度', 'http://www.baidu.com', null, '1');
INSERT INTO `t_link` VALUES ('19', '新浪网', 'http://www.sina.com.cn/', '1', '2');
INSERT INTO `t_link` VALUES ('20', '搜狐网', 'http://www.sohu.com/', '1', '3');
INSERT INTO `t_link` VALUES ('21', '凤凰网', 'http://www.ifeng.com/', '1', '4');
INSERT INTO `t_link` VALUES ('22', '头条军事', 'http://mil.eastday.com/?qid=sgkzjs', '1', '5');
INSERT INTO `t_link` VALUES ('23', '环球新军事', 'http://www.xinjunshi.com/', '1', '6');

-- ----------------------------
-- Table structure for t_news
-- ----------------------------
DROP TABLE IF EXISTS `t_news`;
CREATE TABLE `t_news` (
  `newsId` int(11) NOT NULL AUTO_INCREMENT,
  `title` varchar(40) DEFAULT NULL,
  `content` text,
  `publishDate` varchar(20) DEFAULT NULL,
  `author` varchar(20) DEFAULT NULL,
  `typeId` int(11) DEFAULT NULL,
  `click` int(11) DEFAULT NULL,
  `isHead` tinyint(4) DEFAULT NULL,
  `isImage` tinyint(4) DEFAULT NULL,
  `imageName` varchar(20) DEFAULT NULL,
  `isHot` tinyint(4) DEFAULT NULL,
  PRIMARY KEY (`newsId`),
  KEY `FK_t_news` (`typeId`),
  CONSTRAINT `FK_t_news` FOREIGN KEY (`typeId`) REFERENCES `t_newstype` (`newsTypeId`)
) ENGINE=InnoDB AUTO_INCREMENT=137 DEFAULT CHARSET=utf8;

-- ----------------------------
-- Records of t_news
-- ----------------------------
INSERT INTO `t_news` VALUES ('117', '歼15舰载机首次在南海起降航母 飞遍中国四大海域', '<div class=\"entHdPic\" id=\"entHdPic_1_0\" style=\"color: rgb(0, 0, 0); font-family: \">\r\n<div class=\"entSlide\" style=\"width: 680px; overflow: hidden; position: relative;\">\r\n<div class=\"entSlide_txt\" style=\"width: 680px; overflow: hidden; margin: 16px 0px;\">\r\n<p>就在新年前夕，中国海军航母编队赴西太平洋进行了首次远海南海演练，辽宁舰也受到海内外的高度关注。辽宁舰首次远海训练，都做了些什么呢？一起来看看许多首次披露的故事和画面。</p>\r\n</div>\r\n\r\n<div class=\"entSlide_list\" style=\"width: 680px; height: 63px; position: relative; overflow: hidden;\">\r\n<div class=\"entSlide_list_wrap\" style=\"width: 672px; height: 63px; overflow: hidden; position: relative; float: left;\">\r\n<div class=\"entSlide_list_div clearfix\" style=\"width: 610px; margin: 0px 35px; height: 63px; overflow: hidden; position: relative; display: block; zoom: 1;\">\r\n<div id=\"entSlide_list_div\" style=\"position: absolute; width: 3e+06px; height: 63px; overflow: hidden; left: 0px; top: 0px; zoom: 1;\"><img alt=\"\" src=\"http://s.img.mix.sina.com.cn/auto/resize?size=95_64&amp;img=http%3A%2F%2Fwww.sinaimg.cn%2Fdy%2Fslidenews%2F8_t160%2F2017_01%2F203_228488_402135.jpg\" style=\"border:0px; vertical-align:middle\" /><img alt=\"\" src=\"http://s.img.mix.sina.com.cn/auto/resize?size=95_64&amp;img=http%3A%2F%2Fwww.sinaimg.cn%2Fdy%2Fslidenews%2F8_t160%2F2017_01%2F203_228489_216826.jpg\" style=\"border:0px; vertical-align:middle\" /><img alt=\"\" src=\"http://s.img.mix.sina.com.cn/auto/resize?size=95_64&amp;img=http%3A%2F%2Fwww.sinaimg.cn%2Fdy%2Fslidenews%2F8_t160%2F2017_01%2F203_228490_836200.jpg\" style=\"border:0px; vertical-align:middle\" /><img alt=\"\" src=\"http://s.img.mix.sina.com.cn/auto/resize?size=95_64&amp;img=http%3A%2F%2Fwww.sinaimg.cn%2Fdy%2Fslidenews%2F8_t160%2F2017_01%2F203_228491_346994.jpg\" style=\"border:0px; vertical-align:middle\" /><img alt=\"\" src=\"http://s.img.mix.sina.com.cn/auto/resize?size=95_64&amp;img=http%3A%2F%2Fwww.sinaimg.cn%2Fdy%2Fslidenews%2F8_t160%2F2017_01%2F203_228492_326606.jpg\" style=\"border:0px; vertical-align:middle\" /><img alt=\"\" src=\"http://s.img.mix.sina.com.cn/auto/resize?size=95_64&amp;img=http%3A%2F%2Fwww.sinaimg.cn%2Fdy%2Fslidenews%2F8_t160%2F2017_01%2F203_228493_110067.jpg\" style=\"border:0px; vertical-align:middle\" /><img alt=\"\" src=\"http://s.img.mix.sina.com.cn/auto/resize?size=95_64&amp;img=http%3A%2F%2Fwww.sinaimg.cn%2Fdy%2Fslidenews%2F8_t160%2F2017_01%2F203_228494_188821.jpg\" style=\"border:0px; vertical-align:middle\" /><img alt=\"\" src=\"http://s.img.mix.sina.com.cn/auto/resize?size=95_64&amp;img=http%3A%2F%2Fwww.sinaimg.cn%2Fdy%2Fslidenews%2F8_t160%2F2017_01%2F203_228495_796766.jpg\" style=\"border:0px; vertical-align:middle\" /><img alt=\"\" src=\"http://s.img.mix.sina.com.cn/auto/resize?size=95_64&amp;img=http%3A%2F%2Fwww.sinaimg.cn%2Fdy%2Fslidenews%2F8_t160%2F2017_01%2F203_228496_428280.jpg\" style=\"border:0px; vertical-align:middle\" /><img alt=\"\" src=\"http://s.img.mix.sina.com.cn/auto/resize?size=95_64&amp;img=http%3A%2F%2Fwww.sinaimg.cn%2Fdy%2Fslidenews%2F8_t160%2F2017_01%2F203_228497_418904.jpg\" style=\"border:0px; vertical-align:middle\" /><img alt=\"\" src=\"http://s.img.mix.sina.com.cn/auto/resize?size=95_64&amp;img=http%3A%2F%2Fwww.sinaimg.cn%2Fdy%2Fslidenews%2F8_t160%2F2017_01%2F203_228498_412719.jpg\" style=\"border:0px; vertical-align:middle\" /><img alt=\"\" src=\"http://s.img.mix.sina.com.cn/auto/resize?size=95_64&amp;img=http%3A%2F%2Fwww.sinaimg.cn%2Fdy%2Fslidenews%2F8_t160%2F2017_01%2F203_228499_390847.jpg\" style=\"border:0px; vertical-align:middle\" /><img alt=\"\" src=\"http://s.img.mix.sina.com.cn/auto/resize?size=95_64&amp;img=http%3A%2F%2Fwww.sinaimg.cn%2Fdy%2Fslidenews%2F8_t160%2F2017_01%2F203_228500_463465.jpg\" style=\"border:0px; vertical-align:middle\" /><img alt=\"\" src=\"http://s.img.mix.sina.com.cn/auto/resize?size=95_64&amp;img=http%3A%2F%2Fwww.sinaimg.cn%2Fdy%2Fslidenews%2F8_t160%2F2017_01%2F203_228501_508878.jpg\" style=\"border:0px; vertical-align:middle\" /><img alt=\"\" src=\"http://s.img.mix.sina.com.cn/auto/resize?size=95_64&amp;img=http%3A%2F%2Fwww.sinaimg.cn%2Fdy%2Fslidenews%2F8_t160%2F2017_01%2F203_228502_307724.jpg\" style=\"border:0px; vertical-align:middle\" /></div>\r\n</div>\r\n</div>\r\n</div>\r\n</div>\r\n</div>\r\n\r\n<p style=\"text-align:start\">　　原标题：歼15舰载机实现在中国四大海域起降航母</p>\r\n\r\n<p style=\"text-align:start\">　　我航母编队在南海开展训练试验，中国南海上空首次迎来&ldquo;飞鲨&rdquo;身影</p>\r\n\r\n<p style=\"text-align:start\">　　中国海军网南海某海域1月2日电（记者王通化、陈国全）浪奔浪涌，辽宁舰顶着风雨在南海某海域前行，摇摆起伏的飞行甲板上摆满了各型战机。今天上午9时30分许，随着起飞助理郭晖和战友标准的放飞手势，歼-15舰载战斗机滑跃起飞，冲向云层低垂的天空，中国南海上空首次迎来&ldquo;飞鲨&rdquo;身影。</p>\r\n\r\n<p style=\"text-align:start\">　　当天，多批多架次歼-15舰载战斗机和多型舰载直升机从航母甲板上起飞升空。这是执行跨海区训练和试验任务的辽宁舰编队在南海某海域一系列训练课目之一。连日来，中国航母编队各舰及舰载机在指挥所的高效指挥下，开展了多个项目的训练试验。</p>\r\n\r\n<div class=\"otherContent_01\" id=\"ad_44086\" style=\"color: rgb(0, 0, 0); font-family: \">&nbsp;</div>\r\n\r\n<p style=\"text-align:start\">　　与渤海、黄海和东海相比，南海海域水文气象条件更加复杂，加之连日来受冷空气影响，训练海域海况较差，给舰载机起降训练带来了诸多挑战。据辽宁舰刘喆舰长介绍，自起航以来，航母编队已经组织多批次歼-15舰载战斗机和多型舰载直升机放飞和回收，进行了空中加受油、空中对抗等多项训练。</p>\r\n\r\n<p style=\"text-align:start\">　　此前，北京时间2016年12月25日清晨，由辽宁舰及属舰组成的中国航母编队首次穿越宫古海峡出一岛链进入西太平洋。导弹驱逐舰长沙舰、郑州舰在辽宁舰舰艏前方依次排开，导弹驱逐舰海口舰、导弹护卫舰烟台舰分居两翼，导弹护卫舰临沂舰殿后，航母编队通过宫古海峡这一国际水道。这一天，距离辽宁舰正式入列整整4年零3个月。</p>\r\n\r\n<p style=\"text-align:start\">　　编队指挥员陈岳琪说：&ldquo;航母编队出第一岛链，挺进大洋，是全面提升编队综合能力的重要一步。此次执行训练和试验任务，跨多个海区开展舰载战斗机战术训练，按航母编成组织全要素全流程整体训练，构建航母编队远海作战指挥体系和保障体系，锻炼了舰机融合水平和编队协同指挥能力。&rdquo;</p>\r\n', '2017-01-03 15:58:03', '焦轲', '1', '2', '1', '0', 'null', '1');
INSERT INTO `t_news` VALUES ('118', '俄国力仅相当于中国一个省 但美为何不敢轻举妄动', '<p style=\"text-align:start\"><span style=\"background-color:rgb(255, 255, 255); color:rgb(119, 119, 119); font-family:pingfang sc,hiragino sans gb,microsoft yahei,wenquanyi micro hei,helvetica neue,arial,sans-serif; font-size:13px\"><strong><span style=\"color:rgb(0, 0, 0); font-family:microsoft yahei,微软雅黑，,stheiti light,华文细黑， simsun,宋体， arial,sans-serif; font-size:12px\"><span style=\"color:rgb(0, 0, 0)\">为了更好的为读者呈现多样军事内容，满足读者不同阅读需求，共同探讨国内国际战略动态，新浪军事独家推出《深度军情》版块，深度解读军事新闻背后的隐藏态势，立体呈现中国面临的复杂军事战略环境，欢迎关注。</span></span></strong></span></p>\r\n\r\n<div class=\"img_wrapper\" style=\"text-align: center; color: rgb(0, 0, 0); font-family: &quot;Microsoft Yahei&quot;, Simsun; font-size: 14px; font-style: normal; font-variant-ligatures: normal; font-variant-caps: normal; font-weight: normal; letter-spacing: normal; orphans: 2; text-indent: 0px; text-transform: none; white-space: normal; widows: 2; word-spacing: 0px; -webkit-text-stroke-width: 0px;\"><img alt=\"\" src=\"http://n.sinaimg.cn/mil/transform/20170103/-7e7-fxzencv3804059.jpg\" style=\"border:0px; display:block; margin:0px auto; vertical-align:middle\" />俄罗斯服役的第一艘&ldquo;北风之神&ldquo;级战略核潜艇&rdquo;</div>\r\n\r\n<p style=\"text-align:start\">　　据不久前的报道称，如今的俄罗斯国力衰微，其GDP仅相当于中国的广东省，但现在的俄罗斯却是国际上与美国争斗最激烈的国家，这是为什么呢？据日本外交学者网站12月27日报道，俄罗斯海军副总司令维克托&middot;布尔苏克中将称，俄海军在2017年预计将下水两艘新型核动力潜艇，分别是首艘经过改进的955A型&rdquo;北风之神-A&rdquo;级（又称&ldquo;多尔戈鲁基&rdquo;级）核动力弹道导弹潜艇和855型&ldquo;白蜡树&rdquo;级多用途核动力攻击潜艇。而就在近年，俄罗斯复活了冷战时令美欧闻风丧胆的&ldquo;巴尔古津&rdquo;导弹列车计划，不断试验最新战略核导弹并正在定型可携带多达15枚分导式核弹头的RS-28&ldquo;萨尔马特&rdquo;导弹，还准备升级图-160战略轰炸机，所有这一切都是为了对抗美国。</p>\r\n\r\n<div class=\"img_wrapper\" style=\"text-align: center; color: rgb(0, 0, 0); font-family: &quot;Microsoft Yahei&quot;, Simsun; font-size: 14px; font-style: normal; font-variant-ligatures: normal; font-variant-caps: normal; font-weight: normal; letter-spacing: normal; orphans: 2; text-indent: 0px; text-transform: none; white-space: normal; widows: 2; word-spacing: 0px; -webkit-text-stroke-width: 0px;\"><img alt=\"\" src=\"http://n.sinaimg.cn/mil/transform/20170103/t8MF-fxzencv3804137.jpg\" style=\"border:0px; display:block; margin:0px auto; vertical-align:middle\" />俄罗斯新型陆基战略机动弹道导弹</div>\r\n\r\n<p style=\"text-align:start\">　　翻翻近年来的新闻，可以发现，在普京总统领导下的俄罗斯，虽然实力根本无法和前苏联时期相比，但是在和美国以及北约对抗时，却做得有声有色。从每年都会时常出现的图-95和图-160巡逻欧洲和北美，到在加里宁格勒布署&ldquo;伊斯坎德尔-M&rdquo;短程导弹系统应对北约的步步紧逼，以及在北约欲进军乌克兰时果断收复克里米亚半岛，再到美国及北约试图颠覆叙利亚时果断派兵进驻并使用潜艇、护卫舰和战略轰炸机发射导弹打击IS，甚至最近直接在南千岛群岛部署P-800&ldquo;缟玛瑙&rdquo;和 Kh-35&ldquo;天王星&rdquo;中程反舰导弹用来对付日本和美国，这无不显示了普京总统坚强的决心和高超的外交技巧。</p>\r\n\r\n<div class=\"img_wrapper\" style=\"text-align: center; color: rgb(0, 0, 0); font-family: &quot;Microsoft Yahei&quot;, Simsun; font-size: 14px; font-style: normal; font-variant-ligatures: normal; font-variant-caps: normal; font-weight: normal; letter-spacing: normal; orphans: 2; text-indent: 0px; text-transform: none; white-space: normal; widows: 2; word-spacing: 0px; -webkit-text-stroke-width: 0px;\"><img alt=\"\" src=\"http://n.sinaimg.cn/mil/transform/20170103/hQUQ-fxzencv3804213.jpg\" style=\"border:0px; display:block; margin:0px auto; vertical-align:middle\" />俄罗斯改进图-160M轰炸机的细节</div>\r\n\r\n<p style=\"text-align:start\">　　实际上，俄罗斯之所以有如此的胆量和气魄敢于和美国以及北约面对面较量，就在于其拥有和美国比肩的战略核力量，如今俄罗斯以7290枚核弹头力压美国雄居世界第一。同时，SS-18&ldquo;撒旦&rdquo; 、SS-19&ldquo;匕首&rdquo;、SS-24&ldquo;手术刀&rdquo;、SS-25&ldquo;白杨&rdquo;、SS-27&ldquo;白杨-M&rdquo;、RS-24&ldquo;亚尔斯&rdquo;、RS-26&ldquo;边界&rdquo;和新型的RS-28&ldquo;萨尔马特&rdquo;战略导弹不断试验改进并装备俄战略火箭军，目前已部署有400枚导弹和近千枚核弹头；装备新型NK-32-02发动机的改进版图-160M&ldquo;白天鹅&rdquo;轰炸机正在测试，将于2017年进行首飞，该机最大航程达到14000万公里，能将所携带的导弹发射至全球任何一个角落；目前俄海军已接收三艘955A型&rdquo;北风之神&rdquo;级核潜艇，还有五艘&rdquo;北风之神-A&rdquo;级改进型导弹核潜艇正处于不同的建造阶段，它们将在几年后陆续加入由&ldquo;德尔塔&rdquo;Ⅲ级、&ldquo;德尔塔&rdquo;Ⅳ级和941型&rdquo;台风&ldquo;级核潜艇的行列；而在不久后，新的&ldquo;巴尔古津&rdquo;导弹列车将携带6枚&ldquo;边界&rdquo;导弹，开始承担起在俄罗斯铁路网畅行无阻进行战斗值班的重任。所有上述这些核力量，是如今俄罗斯国家安全的保障力量，也是俄罗斯行使大国责任的支撑。</p>\r\n\r\n<div class=\"img_wrapper\" style=\"text-align: center; color: rgb(0, 0, 0); font-family: &quot;Microsoft Yahei&quot;, Simsun; font-size: 14px; font-style: normal; font-variant-ligatures: normal; font-variant-caps: normal; font-weight: normal; letter-spacing: normal; orphans: 2; text-indent: 0px; text-transform: none; white-space: normal; widows: 2; word-spacing: 0px; -webkit-text-stroke-width: 0px;\"><img alt=\"\" src=\"http://n.sinaimg.cn/mil/transform/20170103/yRgg-fxzencv3804255.jpg\" style=\"border:0px; display:block; margin:0px auto; vertical-align:middle\" />俄罗斯的铁路机动导弹列车</div>\r\n\r\n<p style=\"text-align:start\">　　从俄罗斯积极发展并保障强大的核力量来看，这是在国力不佳的状况下，俄罗斯所要极力保持的。因为从目前情况分析，俄罗斯在常规力量建设上，采取的是修修补补不断改进的的策略，在独立后这些年里进展普遍不大。比如在海军水面作战舰艇上，至今没有一艘新的主战舰艇服役，仅有的新建舰艇也是护卫舰级别，而所谓的10万吨级核动力航母也仅存在纸面上；在陆军装备上，也大多是在T-80坦克上进行改装而出现的型号，新的T-14&ldquo;阿玛塔&rdquo;看起来十分先进，但能否有实力量产还是个未知数；在空军装备上，也大多是在苏-27基础上不断改进吃老本，虽然T-50使俄成为世界第二个试飞隐身战机的国家，但该机的研发进度因为投入不足而大大落后于稍晚的中国歼-20，未来前景更难预料&hellip;&hellip;</p>\r\n\r\n<div class=\"otherContent_01\" id=\"ad_44086\" style=\"color: rgb(0, 0, 0); font-family: &quot;Microsoft Yahei&quot;, Simsun; font-size: 14px; font-style: normal; font-variant-ligatures: normal; font-variant-caps: normal; font-weight: normal; letter-spacing: normal; orphans: 2; text-align: start; text-indent: 0px; text-transform: none; white-space: normal; widows: 2; word-spacing: 0px; -webkit-text-stroke-width: 0px; display: block; margin: 10px 20px 10px 0px; float: left; overflow: hidden; clear: both; padding: 4px; width: 300px; height: 250px;\">&nbsp;</div>\r\n\r\n<p style=\"text-align:start\">　　从以上罗列可以看出，尽管俄罗斯国力不足，但有限的资金被首先用于保证战略力量的建设，而对于常规力量不能说是不重视，但可以说投入有限。正因为如此，才使得俄罗斯这样在经济上算作世界二流的国家，在常规军力上只能算作世界主要国家，但却在战略核力量上绝对成为世界超一流的国家！正是这样的战略核力量的存在，让俄罗斯成为国际政治和军事的主要玩家。正如分析指出的那样，即使是全世界最强大的军队，也不得不考虑俄罗斯在国际舞台上的看法和立场，尽管它的国防预算数倍于俄罗斯，国家经济总量是俄罗斯的15倍。出现这种状况的原因之一，就是俄罗斯拥有世界上最强大的核反击力量，没有哪个国家敢于轻视它的存在。因为在必要的时候，它们可以打到全世界任何地方，足以让敌人毁灭数十上百次。而这些，也正是目前中国所欠缺的，我们期待中国能像其他方面那样实现弯道超车，能在不久后迅速补齐战略核力量这个与美俄相比最大的短板。　（作者署名：军评陈光文）</p>\r\n\r\n<p style=\"text-align:start\">　　推荐阅读：2017年大陆送蔡英文第一记耳光，台网友炸锅！！详情查看《大国风云》，搜索微信公众号：dgfy01</p>\r\n\r\n<p style=\"text-align:start\">　　<strong>本栏目所有文章目的在于传递更多信息，并不代表本网赞同其观点和对其真实性负责。凡本网注明版权所有的作品，版权均属于新浪网，凡署名作者的，版权则属原作者或出版人所有，未经本网或作者授权不得转载、摘编或利用其它方式使用上述作品。</strong></p>\r\n\r\n<p style=\"text-align:start\">　　<strong><span style=\"color:rgb(255, 0, 0)\">新浪军事：最多军迷首选的军事门户！</span></strong></p>\r\n', '2017-01-03 16:00:19', '焦轲', '1', '2', '1', '0', null, '1');
INSERT INTO `t_news` VALUES ('119', '我少将披露辽宁舰已随时能战 未来将配超40名飞行员', '<div class=\"entHdPic\" id=\"entHdPic_1_0\" style=\"color: rgb(0, 0, 0); font-family: &quot;Microsoft Yahei&quot;, Simsun; font-size: 14px; font-style: normal; font-variant-ligatures: normal; font-variant-caps: normal; font-weight: normal; letter-spacing: normal; orphans: 2; text-align: start; text-indent: 0px; text-transform: none; white-space: normal; widows: 2; word-spacing: 0px; -webkit-text-stroke-width: 0px; margin: 30px auto 40px; width: 680px;\">\r\n<div class=\"entSlide\" style=\"width: 680px; overflow: hidden; position: relative;\">\r\n<div class=\"entSlide_txt\" style=\"width: 680px; overflow: hidden; margin: 16px 0px;\">\r\n<p>转眼间已经到了2017年，新年刚开始，中国海军就有三支舰队在海上训练。执行跨海区训练任务的辽宁舰编队，用一幅幅&ldquo;全家福&rdquo;和全新的航母style震撼着国人；而在当地时间1月2日，第24批、25批护航编队完成了任务交接，并在新年当天执行了联合护航任务。（来源： 海苔哥 当代海军）</p>\r\n</div>\r\n\r\n<div class=\"entSlide_list\" style=\"width: 680px; height: 63px; position: relative; overflow: hidden;\">\r\n<div class=\"entSlide_list_wrap\" style=\"width: 672px; height: 63px; overflow: hidden; position: relative; float: left;\">\r\n<div class=\"entSlide_list_div clearfix\" style=\"width: 610px; margin: 0px 35px; height: 63px; overflow: hidden; position: relative; display: block; zoom: 1;\">\r\n<div id=\"entSlide_list_div\" style=\"position: absolute; width: 3e+06px; height: 63px; overflow: hidden; left: 0px; top: 0px; zoom: 1;\"><img alt=\"\" src=\"http://s.img.mix.sina.com.cn/auto/resize?size=95_64&amp;img=http%3A%2F%2Fwww.sinaimg.cn%2Fdy%2Fslidenews%2F8_t160%2F2017_01%2F203_228527_981508.jpg\" style=\"border:0px; vertical-align:middle\" /><img alt=\"\" src=\"http://s.img.mix.sina.com.cn/auto/resize?size=95_64&amp;img=http%3A%2F%2Fwww.sinaimg.cn%2Fdy%2Fslidenews%2F8_t160%2F2017_01%2F203_228533_440532.gif\" style=\"border:0px; vertical-align:middle\" /><img alt=\"\" src=\"http://s.img.mix.sina.com.cn/auto/resize?size=95_64&amp;img=http%3A%2F%2Fwww.sinaimg.cn%2Fdy%2Fslidenews%2F8_t160%2F2017_01%2F203_228534_821725.gif\" style=\"border:0px; vertical-align:middle\" /><img alt=\"\" src=\"http://s.img.mix.sina.com.cn/auto/resize?size=95_64&amp;img=http%3A%2F%2Fwww.sinaimg.cn%2Fdy%2Fslidenews%2F8_t160%2F2017_01%2F203_228528_393457.jpg\" style=\"border:0px; vertical-align:middle\" /><img alt=\"\" src=\"http://s.img.mix.sina.com.cn/auto/resize?size=95_64&amp;img=http%3A%2F%2Fwww.sinaimg.cn%2Fdy%2Fslidenews%2F8_t160%2F2017_01%2F203_228539_797852.jpg\" style=\"border:0px; vertical-align:middle\" /><img alt=\"\" src=\"http://s.img.mix.sina.com.cn/auto/resize?size=95_64&amp;img=http%3A%2F%2Fwww.sinaimg.cn%2Fdy%2Fslidenews%2F8_t160%2F2017_01%2F203_228540_126924.jpg\" style=\"border:0px; vertical-align:middle\" /><img alt=\"\" src=\"http://s.img.mix.sina.com.cn/auto/resize?size=95_64&amp;img=http%3A%2F%2Fwww.sinaimg.cn%2Fdy%2Fslidenews%2F8_t160%2F2017_01%2F203_228541_859418.jpg\" style=\"border:0px; vertical-align:middle\" /><img alt=\"\" src=\"http://s.img.mix.sina.com.cn/auto/resize?size=95_64&amp;img=http%3A%2F%2Fwww.sinaimg.cn%2Fdy%2Fslidenews%2F8_t160%2F2017_01%2F203_228529_344070.jpg\" style=\"border:0px; vertical-align:middle\" /><img alt=\"\" src=\"http://s.img.mix.sina.com.cn/auto/resize?size=95_64&amp;img=http%3A%2F%2Fwww.sinaimg.cn%2Fdy%2Fslidenews%2F8_t160%2F2017_01%2F203_228530_473122.jpg\" style=\"border:0px; vertical-align:middle\" /><img alt=\"\" src=\"http://s.img.mix.sina.com.cn/auto/resize?size=95_64&amp;img=http%3A%2F%2Fwww.sinaimg.cn%2Fdy%2Fslidenews%2F8_t160%2F2017_01%2F203_228531_617423.jpg\" style=\"border:0px; vertical-align:middle\" /><img alt=\"\" src=\"http://s.img.mix.sina.com.cn/auto/resize?size=95_64&amp;img=http%3A%2F%2Fwww.sinaimg.cn%2Fdy%2Fslidenews%2F8_t160%2F2017_01%2F203_228532_353194.jpg\" style=\"border:0px; vertical-align:middle\" /><img alt=\"\" src=\"http://s.img.mix.sina.com.cn/auto/resize?size=95_64&amp;img=http%3A%2F%2Fwww.sinaimg.cn%2Fdy%2Fslidenews%2F8_t160%2F2017_01%2F203_228535_809348.jpg\" style=\"border:0px; vertical-align:middle\" /><img alt=\"\" src=\"http://s.img.mix.sina.com.cn/auto/resize?size=95_64&amp;img=http%3A%2F%2Fwww.sinaimg.cn%2Fdy%2Fslidenews%2F8_t160%2F2017_01%2F203_228536_465014.jpg\" style=\"border:0px; vertical-align:middle\" /><img alt=\"\" src=\"http://s.img.mix.sina.com.cn/auto/resize?size=95_64&amp;img=http%3A%2F%2Fwww.sinaimg.cn%2Fdy%2Fslidenews%2F8_t160%2F2017_01%2F203_228537_157377.jpg\" style=\"border:0px; vertical-align:middle\" /><img alt=\"\" src=\"http://s.img.mix.sina.com.cn/auto/resize?size=95_64&amp;img=http%3A%2F%2Fwww.sinaimg.cn%2Fdy%2Fslidenews%2F8_t160%2F2017_01%2F203_228538_540276.jpg\" style=\"border:0px; vertical-align:middle\" /><img alt=\"\" src=\"http://s.img.mix.sina.com.cn/auto/resize?size=95_64&amp;img=http%3A%2F%2Fwww.sinaimg.cn%2Fdy%2Fslidenews%2F8_t160%2F2017_01%2F203_228542_540375.jpg\" style=\"border:0px; vertical-align:middle\" /><img alt=\"\" src=\"http://s.img.mix.sina.com.cn/auto/resize?size=95_64&amp;img=http%3A%2F%2Fwww.sinaimg.cn%2Fdy%2Fslidenews%2F8_t160%2F2017_01%2F203_228543_996537.jpg\" style=\"border:0px; vertical-align:middle\" /></div>\r\n</div>\r\n</div>\r\n</div>\r\n</div>\r\n</div>\r\n\r\n<p style=\"text-align:start\">　　2017年元旦，辽宁舰与数艘驱逐舰组成的编队，携带多架歼-15舰载战斗机和多型舰载直升机在南海演练。军事专家尹卓在接受央视采访时表示，辽宁舰已经具备了初始作战能力，未来，当辽宁舰搭载超过20架作战飞机，并配备超过40名舰载机飞行员，将真正实现整装作战能力。</p>\r\n\r\n<p style=\"text-align:start\">　　据央视报道，辽宁舰上很多官兵元旦当天凌晨四点多就起床，着手准备训练。此前，航母编队连续跨越渤海、黄海、东海等海域，经宫古海峡，穿越第一岛链进入西太平洋，随后绕过台湾岛东部和南部，进入南海。</p>\r\n\r\n<p style=\"text-align:start\">　　据海军舰载机部队部队长戴明盟介绍，此次舰载航空兵在渤海、黄海、东海以及南海都组织了飞行活动，从飞行结果来看，&ldquo;我们的人员、装备、以及流程都经受住了考验。&rdquo;</p>\r\n\r\n<p style=\"text-align:start\">　　过去很长时间里，进入南海巡航的航母只有美国航母，仅在2015-2016两年时间里，美国海军就先后有&ldquo;罗斯福&rdquo;号、&ldquo;斯滕尼斯&rdquo;号、和&ldquo;里根&rdquo;号三艘核动力航母进入南海。央视报道指出，辽宁舰以作战编队的形式挺近南海，彻底终结了美军航母对南海的&ldquo;垄断&rdquo;。</p>\r\n\r\n<p style=\"text-align:start\">　　尹卓表示，中国发展航母的重要目标就是要维护南海领土完整、以及维护中国在南海的合法权益。在南海南端我们有大量岛礁的主权和海洋权益需要维护，但我们的航空兵却很难到达这一海域。如果没有航母，我们在南海上空始终处于劣势，必须要有一支航母力量，护卫在南海巡弋的我军水面舰艇和潜艇。此外，南海也是我们今后进入印度洋的重要通道，发展航母是维护我国领土主权和海洋权益的重要手段。</p>\r\n\r\n<p style=\"text-align:start\">　　尹卓指出，中国一直希望南海和平，但如今个别国家在南海挑事，尤其是美国和日本两个域外国家。美国在南海没有一寸领土和海域，却长期派航母编队在南海活动，对我国南海岛礁主权和海洋权益构成威胁。</p>\r\n\r\n<div class=\"otherContent_01\" id=\"ad_44086\" style=\"color: rgb(0, 0, 0); font-family: &quot;Microsoft Yahei&quot;, Simsun; font-size: 14px; font-style: normal; font-variant-ligatures: normal; font-variant-caps: normal; font-weight: normal; letter-spacing: normal; orphans: 2; text-align: start; text-indent: 0px; text-transform: none; white-space: normal; widows: 2; word-spacing: 0px; -webkit-text-stroke-width: 0px; display: block; margin: 10px 20px 10px 0px; float: left; overflow: hidden; clear: both; padding: 4px; width: 300px; height: 250px;\">&nbsp;</div>\r\n\r\n<p style=\"text-align:start\">　　实际上，辽宁舰早在2013年年底就曾进入南海活动，三年来，辽宁舰已发生了天翻地覆的变化。最显而易见的是，三年前，歼-15战机还远未形成战斗力，如今歼-15战机已停满辽宁舰甲板，担负起了整个航母编队的防空和攻击任务。</p>\r\n\r\n<p style=\"text-align:start\">　　辽宁舰官兵在接受媒体采访时表示，经过高强度的训练，辽宁舰舰载机驻泊数量、单日飞行架次、起飞和回收效率都得到了显著提升。辽宁舰副舰长于璨维表示，2017年，我们将继续瞄准航母部队全面形成能力这个目标开展试验训练，训练内容和海空域将继续拓展，任务功能要素将更加齐全，舰机融合将更加深入。</p>\r\n\r\n<p style=\"text-align:start\">　　尹卓表示，经过实际使用武器等环节的训练，辽宁舰现在已经具备了初始作战能力，并从技术训练转入战术训练。辽宁舰航母如今也从单一平台的训练转入了编队训练，并且已经开展了海上攻防对抗性演练，这表明一旦有战事，辽宁舰编队完全能够随时进行作战。未来，当辽宁舰舰载机连队实现满员，搭载超过20架作战飞机，并配备超过40名舰载机飞行员时，辽宁舰航母编队将真正实现整装作战能力。</p>\r\n', '2017-01-03 16:01:32', '焦轲', '1', '0', '0', '0', null, '0');
INSERT INTO `t_news` VALUES ('120', 'C919首飞在即回顾运10下马：销毁资料和生产线太痛心', '<p style=\"text-align:start\">随着中国第一种大型客机C919的即将首飞，中国第一种大飞机运10又再度走上了舆论的前台。运10这个充满了争议的项目，它在当年确实不应该量产、并交付民航使用；但也绝不应该下马，而因该作为锻炼大飞机研制队伍、探索大飞机各方面技术需求的项目，以验证机平台的身份，维持最低程度的生产数量和持续飞行、试验。</p>\r\n\r\n<p style=\"text-align:start\">　　一：运10材料工艺水平和波音707差距很大，设计、实验极不完善</p>\r\n\r\n<p style=\"text-align:start\">　　首先要强调的一点是，运10虽然意义重大，但它突破不了我国的工业能力基础限制和基本的科学工程发展规律。直到下马阶段时，运10从来没有达到过当时的&ldquo;国际先进水平&rdquo;，严格说就连美国50年代水平（波音707首飞于50年代中期）也远远没有达到。比如仅以最基本的寿命来说，唯一一架可飞行的运10样机，仅有200小时安全寿命，只能保证做完一些基本试飞科目。事实上在从首飞到下马的5年内，02号样机最后也只飞了130个起落，共计170个小时。</p>\r\n\r\n<div class=\"img_wrapper\" style=\"text-align: center; color: rgb(0, 0, 0); font-family: &quot;Microsoft Yahei&quot;, Simsun; font-size: 14px; font-style: normal; font-variant-ligatures: normal; font-variant-caps: normal; font-weight: normal; letter-spacing: normal; orphans: 2; text-indent: 0px; text-transform: none; white-space: normal; widows: 2; word-spacing: 0px; -webkit-text-stroke-width: 0px;\"><img alt=\"\" src=\"http://n.sinaimg.cn/mil/crawl/20170103/8W9_-fxzencv4022472.jpg\" style=\"border:0px; display:block; margin:0px auto; vertical-align:middle\" />图：运10设计主要仿制自波音707，但做了很多修改，算是半仿半研的产物。</div>\r\n\r\n<p style=\"text-align:start\">　　运10的总体设计，是在美国波音707的基础上（早期通过各种渠道获得的残骸、样机，后来引进了相关资料），总体仿制、局部改进而成的。但是这个过程中遇到一个非常棘手的问题：我国在当时根本提供不了制造波音707的基本材料。</p>\r\n\r\n<p style=\"text-align:start\">　　我国航空工业由苏联援建而成，长期立足于仿制和仿制基础上的改进，因此在航空材料的开发上极具惰性，基本上苏联援助什么样，后来就什么样。因此拿到波音707的资料以后，我国发现仅作为结构主要材料的铝合金上，国内根本拿不出与西方7075等牌号相同性能的产品，只能以国产LC4铝合金先顶上。</p>\r\n\r\n<p style=\"text-align:start\">　　由于国产铝合金易裂、而且裂纹扩展快，抗腐蚀性差，而且不耐疲劳，因此运10制造和试飞过程中，部件出现裂纹极为频繁。加上当时运10连结构的疲劳寿命试验都没有做，因此只能在确保安全的情况下，估算出200小时的安全寿命，用于完成试飞大纲的基本科目试飞。</p>\r\n\r\n<div class=\"img_wrapper\" style=\"text-align: center; color: rgb(0, 0, 0); font-family: &quot;Microsoft Yahei&quot;, Simsun; font-size: 14px; font-style: normal; font-variant-ligatures: normal; font-variant-caps: normal; font-weight: normal; letter-spacing: normal; orphans: 2; text-indent: 0px; text-transform: none; white-space: normal; widows: 2; word-spacing: 0px; -webkit-text-stroke-width: 0px;\"><img alt=\"\" src=\"http://n.sinaimg.cn/mil/crawl/20170103/-Ekl-fxzencv4024421.jpg\" style=\"border:0px; display:block; margin:0px auto; vertical-align:middle\" />　图：歼10做静力试验</div>\r\n\r\n<p style=\"text-align:start\">　　在当时的计划中，国内最终要将材料体系与西方接轨，而且7075铝合金等民机普遍使用的原材料，西方并不限制对我国出口&mdash;&mdash;哪怕是80年代末以后。即便是运10真要如当时计划中批量生产和使用，也还要全面更换材料重新设计一次，并把大量该做的试验全部补上。</p>\r\n\r\n<p style=\"text-align:start\">　　实际上国内第一款实现材料西方标准化、满足西方长寿命标准的飞机，就是歼10。它直到定型的时候，才基本完成全部材料设备的国产化（发动机等少数方面存在例外），而时间已经到了21世纪初期。歼10除了材料以外，对于每一个结构部件都进行了以有限元分析为代表的先进技术分析和极为彻底的疲劳寿命试验，每一个部件的薄弱点在哪里，以何种强度飞行多久会使哪些部件的哪些部位首先开裂基本上都摸得一清二楚。</p>\r\n\r\n<p style=\"text-align:start\">　　二：制造工艺、发动机等设备受限制严重，无法支持飞机批量生产</p>\r\n\r\n<p style=\"text-align:start\">　　而当年运10研制时，不仅连最基本的结构测试都极不完善，而且生产制造上的问题也非常大。比如我国当时严重缺乏很多大型部件的生产能力，运10不得不大量采用土法上马的解决方式：大型的整体蒙皮做不了，就用多块小型蒙皮拼接；大型的整体锻造结构件做不了，就先拆分成几段先锻造好，然后焊接组合。这些做法在短时间内解决了先把飞机造出来的问题，但在长时间使用中，必然导致大量的结构质量和寿命、安全问题。</p>\r\n\r\n<div class=\"img_wrapper\" style=\"text-align: center; color: rgb(0, 0, 0); font-family: &quot;Microsoft Yahei&quot;, Simsun; font-size: 14px; font-style: normal; font-variant-ligatures: normal; font-variant-caps: normal; font-weight: normal; letter-spacing: normal; orphans: 2; text-indent: 0px; text-transform: none; white-space: normal; widows: 2; word-spacing: 0px; -webkit-text-stroke-width: 0px;\"><img alt=\"\" src=\"http://n.sinaimg.cn/mil/crawl/20170103/4aK_-fxzencv4023921.jpg\" style=\"border:0px; display:block; margin:0px auto; vertical-align:middle\" />　图：运10的发动机来自于波音707在国内运行的备份发动机产品，可以用于小批量的验证机装备，但不能支持大规模量产和使用</div>\r\n\r\n<p style=\"text-align:start\">　　事实上01号样机（测试结构强度的静力试验用）和02号样机（能飞的那一架）期间经历过多次严厉的质量整顿，才保证了制造装配的基本顺利完成，。这一局面无疑更是让运10的结构性能和可靠性雪上加霜，是运10在试飞中故障率居高不下的关键原因之一。在后来上飞与美国麦道公司的合作过程中，在外方提供的全套生产、质量管理体系下，质量问题仍然相当严重。</p>\r\n\r\n<p style=\"text-align:start\">　　尤其是一些核心设备上，运10也缺乏批量生产的基础。比如关键的发动机，运10最初阶段的保障来源于国内引进波音707时多采购的40台备份产品。该发动机的国产化研制进度一直很糟糕，故障和事故不断&mdash;&mdash;事实上想想90年代末期昆仑发动机的表现，也就能知道，在80年代完成大飞机用的大尺寸发动机并不现实。</p>\r\n\r\n<p style=\"text-align:start\">　　因为这些原因，民航部门坚决抵制运10的原因是可以理解、而且也是正当的。<strong>强行将极不成熟的运10大批量生产和投入使用，不仅要带来极大的额外成本（造价高、维护难、出勤低），而且迟早带来灾难性的事故井喷阶段，对于民航的运行是毁灭性的潜在风险。</strong></p>\r\n\r\n<p style=\"text-align:start\">　　三：<strong>不能批产和大量使用，绝不等于应该将运10下马。销毁设计实验资料和生产线，更是可悲。</strong></p>\r\n\r\n<p style=\"text-align:start\">　　然而不论运10不成熟到何种地步，它都绝不应该下马。这个世界上没有任何科学和工程技术是从天上掉下来的，没有对各种缺陷和落后的针对性改进、攻关，何来成熟可靠的设计与技术的进步？西方客机为什么今天能在可靠性和维护性上能获得后来者无法企及的水平，就是因为他们的所有产品、每一个批次都会根据上一批产品在实际使用中的缺陷反馈，不断进行针对性的设计修正和新的材料工艺开发。</p>\r\n\r\n<p style=\"text-align:start\">　　几十年的积累下来，浩如烟海的数据库、强大而完善的设计实验体系、极为成熟的反馈&mdash;&mdash;修改&mdash;&mdash;使用&mdash;&mdash;反馈的自我进化流程，高素质高水平的大规模技术人员群体，这才是波音和空客最难以战胜的地方。可笑的是，至今有很多所谓&ldquo;工业党&rdquo;人以为只要投入资金，就能砸出技术成果&mdash;&mdash;就算钱能买到同样的原料和设备，能买到别人的整个体系吗？能买到别人积累的几十年时间吗？</p>\r\n\r\n<p style=\"text-align:start\">　　这也是为什么当年运10快要下马时，大量专家向中央呼吁，运10这个项目虽然不能交付批量使用，但也应做到&ldquo;研制工作不能停，队伍不能散、成果不能丢&rdquo;。在当时来首，<strong>合理的做法是运10生产线和研制队伍都要保留下来，维持最低数量的原型机生产，不断进行试飞和针对性改进；以保住自己的大飞机最基本的研究和制造不中断，维持住一支专攻大飞机设计的研究体系。</strong></p>\r\n\r\n<p style=\"text-align:start\">　　事实上自主发展和引进国外先进技术不仅不是互相矛盾的事情，反而是互相支撑的。当年美国为什么突然推进了麦道客机在上海与中国的合作？就是因为运10展现了中国已经开始初步具备大飞机的设计制造能里&mdash;&mdash;虽然还非常稚嫩，但这已经形成了合作的资格和基础。而反过来，引进外方的先进技术体系，又可以很好的促进本国项目的基础发展。</p>\r\n\r\n<p style=\"text-align:start\">　　然而运10项目最终发展到了最糟糕的方向上，<strong>几乎所有的设计和实验资料数据都被销毁，生产线被彻底拆除，工装设备被拆毁后作为废铁处理掉，研制队伍也被打散。而原本拥有第三架原型机制造的部件，更是被拿来给工人当成练打铆钉的材料。</strong></p>\r\n\r\n<div class=\"otherContent_01\" id=\"ad_44086\" style=\"color: rgb(0, 0, 0); font-family: &quot;Microsoft Yahei&quot;, Simsun; font-size: 14px; font-style: normal; font-variant-ligatures: normal; font-variant-caps: normal; font-weight: normal; letter-spacing: normal; orphans: 2; text-align: start; text-indent: 0px; text-transform: none; white-space: normal; widows: 2; word-spacing: 0px; -webkit-text-stroke-width: 0px; display: block; margin: 10px 20px 10px 0px; float: left; overflow: hidden; clear: both; padding: 4px; width: 300px; height: 250px;\">&nbsp;</div>\r\n\r\n<p style=\"text-align:start\">　　至此，在70年代到85年就高达数亿元的投资，十几年的技术攻关，几乎所有运10项目上获得的成果都没有得到保留，没有对中国后来的大飞机研制起到直接的奠基作用。这种令人痛心的结局不仅浪费了大量的资源，更重要的是错过了用金钱所买不回来的中国民航发展的黄金时间。</p>\r\n\r\n<p style=\"text-align:start\">　　比如ARJ21的长期延误中，对于西方适航认证标准的认识和执行不到位是一个非常重要的因素；而早在运10项目研制时，就已经提出了这方面的要求并且开始了针对性的设计和努力。如果我国能够持续运10的研制，后来ARJ-21和C919的研制工作都要顺利得多；我国在与西方关于适航认证方面的交涉话语权，也要大得多&mdash;&mdash;而不是像如今只有，只能单方面听命于人。</p>\r\n\r\n<p style=\"text-align:start\">　　往事已矣。随着运20的批产装备和C919的即将首飞，我国大飞机研制已经再度走上正轨，运10的悲剧，已经不会再次重演了。（作者署名：候知健）</p>\r\n\r\n<p style=\"text-align:start\">　　<strong>本栏目所有文章目的在于传递更多信息，并不代表本网赞同其观点和对其真实性负责。凡本网注明版权所有的作品，版权均属于新浪网，凡署名作者的，版权则属原作者或出版人所有，未经本网或作者授权不得转载、摘编或利用其它方式使用上述作品。</strong></p>\r\n', '2017-01-03 16:03:29', '焦轲', '1', '0', '1', '1', '20170103040329.jpg', '1');
INSERT INTO `t_news` VALUES ('121', '中国加快对海底地形命名 日方声称是冲我们来的', '<p style=\"text-align:start\">12月21日，国际海底地理实体命名分委会（SCUFN）在其网站发布了最新报告。报告内容为2016年各国对海底地名的申请情况和注册结果。有日本媒体担忧地发现，中国对海底命名的申请明显增多，2016年全年达到了50件（50件申请一览）。而部分中国命名申请就&ldquo;紧贴日本大陆架和专属经济区&rdquo;。</p>\r\n\r\n<div class=\"img_wrapper\" style=\"text-align: center; color: rgb(0, 0, 0); font-family: &quot;Microsoft Yahei&quot;, Simsun; font-size: 14px; font-style: normal; font-variant-ligatures: normal; font-variant-caps: normal; font-weight: normal; letter-spacing: normal; orphans: 2; text-indent: 0px; text-transform: none; white-space: normal; widows: 2; word-spacing: 0px; -webkit-text-stroke-width: 0px;\"><img alt=\"\" src=\"http://n.sinaimg.cn/mil/crawl/20170103/8wiF-fxzencv3853562.jpg\" style=\"border:0px; display:block; height:500px; margin:0px auto; vertical-align:middle; width:437px\" />日本《读卖新闻》配图，本图反应了日本单方面的相关主张</div>\r\n\r\n<p style=\"text-align:start\">　　日本《读卖新闻》1月1日报道称，本年度部分中国申请与日本主张的大陆架和专属经济区非常接近。有日本研究者认为，中国进行调查活动和申请命名的地点都尽可能地接近日本主张的专属经济区和大陆架。他断言：&ldquo;这让人感觉中国是有意为之。&rdquo;</p>\r\n\r\n<p style=\"text-align:start\">　　日本此次所指的就是中国对于西太平洋洋底的八处命名申请。中国&ldquo;向阳红14号&rdquo;海洋科考船在2011年7月对西太平洋海底热液区进行考察。此后参照&ldquo;台湾百岳&rdquo;，将新探明的八座海山取名为加利、佳阳、南华、屏风、奇莱、塔关、向阳、伊泽。</p>\r\n\r\n<div class=\"img_wrapper\" style=\"text-align: center; color: rgb(0, 0, 0); font-family: &quot;Microsoft Yahei&quot;, Simsun; font-size: 14px; font-style: normal; font-variant-ligatures: normal; font-variant-caps: normal; font-weight: normal; letter-spacing: normal; orphans: 2; text-indent: 0px; text-transform: none; white-space: normal; widows: 2; word-spacing: 0px; -webkit-text-stroke-width: 0px;\"><img alt=\"\" src=\"http://n.sinaimg.cn/mil/crawl/20170103/wETX-fxzencv3853569.png\" style=\"border:0px; display:block; margin:0px auto; vertical-align:middle\" />西太平洋热液区我国八件申请地理位置图（申请报告 截图）</div>\r\n\r\n<p style=\"text-align:start\">　　这八座海山中，佳阳和伊泽处于日本单方面主张的延伸大陆架内，加利、屏风和向阳正好处于边缘外侧。本次这八件申请因&ldquo;政治上较敏感&rdquo;，SCUFN并未受理。虽然如此，但在几年前存在成功命名的情况。2012年，中国在西北太平洋洋底申请命名&ldquo;日潭海丘&rdquo;（Ritan Hill）、&ldquo;月潭海脊&rdquo;（Yuetan Ridge）和&ldquo;日昇平顶海山&rdquo;（Risheng Guyot），被SCUFN受理并注册成功。日本媒体担忧地发现，这三处位于日本冲绳宫古岛东南约450公里，&ldquo;紧贴&rdquo;日本经济专属区和大陆架外缘。</p>\r\n\r\n<div class=\"img_wrapper\" style=\"text-align: center; color: rgb(0, 0, 0); font-family: &quot;Microsoft Yahei&quot;, Simsun; font-size: 14px; font-style: normal; font-variant-ligatures: normal; font-variant-caps: normal; font-weight: normal; letter-spacing: normal; orphans: 2; text-indent: 0px; text-transform: none; white-space: normal; widows: 2; word-spacing: 0px; -webkit-text-stroke-width: 0px;\"><img alt=\"\" src=\"http://n.sinaimg.cn/mil/crawl/20170103/1J8H-fxzencv3853575.png\" style=\"border:0px; display:block; margin:0px auto; vertical-align:middle\" />根据中国大洋协会国际海域地理实体命名数据库制图</div>\r\n\r\n<p style=\"text-align:start\">　　但《读卖新闻》也承认，海底地形和命名与国家无关，命名权在于发现者，前提是用于学术研究即可。</p>\r\n\r\n<p style=\"text-align:start\">　　国际海底地理实体命名分委会（Sub-Committee on Undersea Feature Names，SCUFN）是国际航道测量组织（IHO）下辖机构。国际海底地名都需要经过该组织的审议批准。2016年，中国国家海洋局共提交了50件命名申请，是上一年的两倍多。其中16件被受理通过，其余相当一部分（19件）受会议时间所限延期审议。</p>\r\n\r\n<p style=\"text-align:start\">　　有关中国在日本主张的专属经济区附近积极进行海底命名的动向，日本政府分析认为，日本权益并不会收到直接影响。但作为中国试图扩大海洋权益的一环，日本政府对相关动向表示关注。现在还只是在日本宣称的大陆架和专属经济区外侧，假设将来中国对其内侧的海底命名也提出申请的话，日媒担忧如果通过审议，这会被中国当做否定日本大陆架主张的&ldquo;补充材料&rdquo;。</p>\r\n\r\n<div class=\"img_wrapper\" style=\"text-align: center; color: rgb(0, 0, 0); font-family: &quot;Microsoft Yahei&quot;, Simsun; font-size: 14px; font-style: normal; font-variant-ligatures: normal; font-variant-caps: normal; font-weight: normal; letter-spacing: normal; orphans: 2; text-indent: 0px; text-transform: none; white-space: normal; widows: 2; word-spacing: 0px; -webkit-text-stroke-width: 0px;\"><img alt=\"\" src=\"http://n.sinaimg.cn/mil/crawl/20170103/rnRM-fxzencv3853583.jpg\" style=\"border:0px; display:block; height:410px; margin:0px auto; vertical-align:middle; width:600px\" />近年来，多艘先进海洋科考船相继服役。&ldquo;科学&rdquo;号海洋科考船就是其中一员，2015年4月通过验收。</div>\r\n\r\n<p style=\"text-align:start\">　　《读卖新闻》称，从上世纪90年代分委会成立之初，日本就作为主要成员国积极推进海底地形名称的注册。而中国自2011年才开始参加，当年也是北京首次成为会议举办地。日媒猜测，中国很可能是以此为契机，注意到了海底地形命名的重要性。之后，中日两国在分委会会议上频繁发生对立。</p>\r\n\r\n<p style=\"text-align:start\">　　一向以保守姿态著称的《读卖新闻》随后得出结论，中国政府以建设&ldquo;海洋强国&rdquo;为目标，积极推进海底命名。他们的目的就是在东海和南海造成既成事实，加深&ldquo;中国已实际控制&rdquo;的印象。面对这一状况，《读卖新闻》建议日本方面不仅要有所反应，还要先发制人进行应对。确保人才和预算，构筑应对态势才是当务之急。</p>\r\n\r\n<div class=\"otherContent_01\" id=\"ad_44086\" style=\"color: rgb(0, 0, 0); font-family: &quot;Microsoft Yahei&quot;, Simsun; font-size: 14px; font-style: normal; font-variant-ligatures: normal; font-variant-caps: normal; font-weight: normal; letter-spacing: normal; orphans: 2; text-align: start; text-indent: 0px; text-transform: none; white-space: normal; widows: 2; word-spacing: 0px; -webkit-text-stroke-width: 0px; display: block; margin: 10px 20px 10px 0px; float: left; overflow: hidden; clear: both; padding: 4px; width: 300px; height: 250px;\">&nbsp;</div>\r\n\r\n<p style=\"text-align:start\">　　但实际情况如何呢？观察者网查询发现，本次中国递交的50件申请中，区域涵盖了东太平洋、中太平洋、西太平洋、南海、西北印度洋和西南印度洋。紧贴日本主张区域的申请尚不满五分之一。新华社此前介绍，积极开展海底命名，是海洋强国的普遍做法。美英德法日俄等传统海洋海洋强国一向如此。，近几十年来，我国海洋科技和大洋科考获得了巨大发展。随着我国深海技术的发展和大洋科考的进行，越来越多的海洋地理实体势必将由我国科考人员所发现。</p>\r\n\r\n<p style=\"text-align:start\">　　值得一提的是，紧贴我国那8处申请的那片大陆架，仅仅是被日本单方面主张而已，并没有获得国际承认。而日本主张拥有这片大陆架的理由就是所谓的&ldquo;冲之鸟岛&rdquo;。反观日本这种行为，中国外交部发言人陆慷曾指出：&ldquo;日本用这两张床大的地方就想声索近70万平方公里的管辖海域，侵蚀公海和国际海底区域，这严重损害了国际社会的共同利益。&rdquo;</p>\r\n', '2017-01-03 16:10:48', '焦轲', '1', '0', '0', '0', null, '0');
INSERT INTO `t_news` VALUES ('122', '辽宁舰赴南海为何要全程飙高速 暴露反潜战力短板', '<p style=\"text-align:start\">这次辽宁舰编队南下速度不慢，有网友推测说始终不小于17节，最快甚至达到25节，我们知道这种航速能让常规潜艇望尘莫及，但是你有没有想过，盯梢辽宁舰的绝不仅仅是常规潜艇？</p>\r\n\r\n<p style=\"text-align:start\">　　但假如对手是核潜艇，情况就大不一样，当然，前提是这艘核潜艇要有较高的安静航速，否则虽然速度和耐力跟得上，但太容易暴露自己，即便是核潜艇，一旦暴露，也同样可能被整得狼狈不堪，毕竟和航空反潜力量比，你跑得不够快。</p>\r\n\r\n<div class=\"img_wrapper\" style=\"text-align: center; color: rgb(0, 0, 0); font-family: &quot;Microsoft Yahei&quot;, Simsun; font-size: 14px; font-style: normal; font-variant-ligatures: normal; font-variant-caps: normal; font-weight: normal; letter-spacing: normal; orphans: 2; text-indent: 0px; text-transform: none; white-space: normal; widows: 2; word-spacing: 0px; -webkit-text-stroke-width: 0px;\"><img alt=\"\" src=\"http://n.sinaimg.cn/mil/crawl/20170103/L9xZ-fxzczff3549277.jpg\" style=\"border:0px; display:block; margin:0px auto; vertical-align:middle\" title=\"1483426046486084364.jpg\" /></div>\r\n\r\n<p style=\"text-align:start\">　　一般认为，航母需要布置多道反潜区才能保障较好的对潜防御效果。</p>\r\n\r\n<p style=\"text-align:start\">　　在冷战时期的美国航母战斗群里，最外层应该是岸基的大型反潜机和攻击型核潜艇挑大梁，但由于距离远，水下探测区域肯定是不连续的，所以必须预先判断威胁方向，然后才能有针对性的布置。最外层之后会布置一道由舰载固定翼反潜机和水面舰组成的中层防御区，在中层防御区之内，再设置内层防御区，这个区域距离航母比较近，主要由航母的直卫舰以及反潜直升机把守，直升机可能是航母的，也可能是属舰的。</p>\r\n\r\n<div class=\"img_wrapper\" style=\"text-align: center; color: rgb(0, 0, 0); font-family: &quot;Microsoft Yahei&quot;, Simsun; font-size: 14px; font-style: normal; font-variant-ligatures: normal; font-variant-caps: normal; font-weight: normal; letter-spacing: normal; orphans: 2; text-indent: 0px; text-transform: none; white-space: normal; widows: 2; word-spacing: 0px; -webkit-text-stroke-width: 0px;\"><img alt=\"\" src=\"http://n.sinaimg.cn/mil/crawl/20170103/JyAs-fxzczfc6707503.jpg\" style=\"border:0px; display:block; margin:0px auto; vertical-align:middle\" title=\"1483426073940076556.jpg\" /></div>\r\n\r\n<p style=\"text-align:start\">　　这样三道防线，才算比较保险，现在美国航母上已经没有固定翼反潜机了，所以更加依赖外层兵力和反潜直升机。</p>\r\n\r\n<p style=\"text-align:start\">　　反潜直升机虽然速度、作业时间、探测手段、打击手段都没法和固定翼反潜机比，但它毕竟不挑食，有块甲板就能起降，再加上美国航母面对的潜艇威胁已经大大减小。所以美国也没计较这点，未来，各类UUV、水面跟踪艇等等服役后，反潜的难度可能显著减小，就算只用直升机也可能更从容了，这是后话。</p>\r\n\r\n<div class=\"img_wrapper\" style=\"text-align: center; color: rgb(0, 0, 0); font-family: &quot;Microsoft Yahei&quot;, Simsun; font-size: 14px; font-style: normal; font-variant-ligatures: normal; font-variant-caps: normal; font-weight: normal; letter-spacing: normal; orphans: 2; text-indent: 0px; text-transform: none; white-space: normal; widows: 2; word-spacing: 0px; -webkit-text-stroke-width: 0px;\"><img alt=\"\" src=\"http://n.sinaimg.cn/mil/crawl/20170103/Zfab-fxzczfc6707530.jpg\" style=\"border:0px; display:block; margin:0px auto; vertical-align:middle\" title=\"1483426087811097350.jpg\" /></div>\r\n\r\n<p style=\"text-align:start\">　　只是，美国航母的潜艇威胁降低，不代表所有国家的航母潜艇威胁都降低了。</p>\r\n\r\n<p style=\"text-align:start\">　　<strong>如果没有岸基反潜机、没有安静性核潜艇，没有舰载固定翼反潜机，那么实际上航母编队的对潜防御很可能只留下最内层这一道防线。</strong>这时恐怕更要求航母能保持快速连续航行，并且，还需要保持反跟踪的Z形航线。</p>\r\n\r\n<p style=\"text-align:start\">　　辽宁舰这次是否走了Z字？</p>\r\n\r\n<p style=\"text-align:start\">　　从目前的报道无法判断。</p>\r\n\r\n<div class=\"img_wrapper\" style=\"text-align: center; color: rgb(0, 0, 0); font-family: &quot;Microsoft Yahei&quot;, Simsun; font-size: 14px; font-style: normal; font-variant-ligatures: normal; font-variant-caps: normal; font-weight: normal; letter-spacing: normal; orphans: 2; text-indent: 0px; text-transform: none; white-space: normal; widows: 2; word-spacing: 0px; -webkit-text-stroke-width: 0px;\"><img alt=\"\" src=\"http://n.sinaimg.cn/mil/crawl/20170103/qc-W-fxzczfc6707532.jpg\" style=\"border:0px; display:block; margin:0px auto; vertical-align:middle\" title=\"1483426113995072848.jpg\" /></div>\r\n\r\n<p style=\"text-align:start\">　　快起来，倒不是问题，这次的属舰无论旅洋Ⅱ还是旅洋Ⅲ或者江凯Ⅱ（日本统合幕僚监部使用的名字）都跟得上航母。</p>\r\n\r\n<p style=\"text-align:start\">　　但快起来之后，有一个问题，自噪声太大，会影响到舰壳声呐以及拖曳声呐的探测效果。</p>\r\n\r\n<p style=\"text-align:start\">　　所以实际上航母编队里担负水下警戒的舰艇必须进行跳跃式搜索，先加速超过编队，然后减速，释放器材，搜索，完事后再收回器材，再加速，到下一个点重复动作。要通过狭窄水域，则应提前部署兵力清扫、排查。</p>\r\n\r\n<p style=\"text-align:start\">　　一旦发现可疑的水下接触，首先本舰和其他舰艇综合使用探测手段进行定位、识别，如果说定位水下目标难，那么识别它的性质就难于上青天了。</p>\r\n\r\n<div class=\"img_wrapper\" style=\"text-align: center; color: rgb(0, 0, 0); font-family: &quot;Microsoft Yahei&quot;, Simsun; font-size: 14px; font-style: normal; font-variant-ligatures: normal; font-variant-caps: normal; font-weight: normal; letter-spacing: normal; orphans: 2; text-indent: 0px; text-transform: none; white-space: normal; widows: 2; word-spacing: 0px; -webkit-text-stroke-width: 0px;\"><img alt=\"\" src=\"http://n.sinaimg.cn/mil/crawl/20170103/ijYk-fxzczfc6707534.jpg\" style=\"border:0px; display:block; margin:0px auto; vertical-align:middle\" title=\"1483426154510014965.jpg\" /></div>\r\n\r\n<p style=\"text-align:start\">　　一旦水面舰发现目标，对其性质做出初步判断（至少搞清楚是鲸鱼还是潜艇），那就可以出动反潜直升机了，直升机会再次发现（潜艇会跑的），再次对目标性质做判断（确定是潜艇，最好还能确定是哪国的哪级哪艘），然后保持跟踪，如果是战时，就可以扔雷了。如果是直九则是召唤另一架反潜机扔雷，因为直九机体太小，必须双飞机才能完成探测-攻击全套动作。</p>\r\n\r\n<p style=\"text-align:start\">　　说完这些，反观此次事件，暂时不能排除烟台号护卫舰及其直升机进行了对潜搜索，但即便真的进行了对潜搜索，也无法进行攻击，因为只出动了一架直九。（作者署名：现代舰船）</p>\r\n', '2017-01-03 16:11:47', '焦轲', '1', '1', '1', '0', null, '1');
INSERT INTO `t_news` VALUES ('123', '三巨头68分勇士获30胜 掘金以攻对攻难逃一败', '<p style=\"text-align:start\">新浪体育讯</p>\r\n\r\n<p style=\"text-align:start\">　　北京时间1月3日，勇士在对攻大战中过关，主场以127-119击败掘金。</p>\r\n\r\n<p style=\"text-align:start\">　　勇士（30-5）三连胜，成为本赛季第一支取得30胜的球队。克雷-汤普森得了25分5个篮板，斯蒂芬-库里22分5次助攻，凯文-杜兰特21分，德雷蒙德-格林打出三双，贡献15分、13次助攻和10个篮板。扎扎-帕楚里亚得了11分9个篮板，替补出场的伊恩-克拉克12分。</p>\r\n\r\n<p style=\"text-align:start\">　　掘金（14-20）二连败，杀进前八的希望破灭。尼科拉-约基奇得了21分、13个篮板和5次助攻，威尔森-钱德勒21分，达尼罗-加里纳利19分8个篮板，加里-哈里斯11分&nbsp;。替补出场的约瑟夫-纽基奇15分，威尔-巴顿14分。<strong><a href=\"http://lives.sina.cn/live/live?live_mg=sports&amp;livetype=nba&amp;match_id=2017010309\" style=\"color: rgb(4, 84, 167); text-decoration: none;\">[直播实录]</a> &nbsp; <a href=\"http://sports1.sina.cn/nba/boxscore?matchid=2017010309&amp;vt=4\" style=\"color: rgb(4, 84, 167); text-decoration: none;\">[技术统计]</a></strong></p>\r\n\r\n<p style=\"text-align:start\">　　过去两年，勇士是全联盟势头最为火热的球队。2015年和2016年，他们都取得72胜12负的战绩。&nbsp;两年共胜了144场，创下了NBA的纪录，将公牛1996年和1997年的纪录甩开了7场之多。</p>\r\n\r\n<p style=\"text-align:start\">　　掘金最近势头也不错，此前8场胜出5场，他们已经赛前排名西部第九，与第八的国王同为14胜19负。如果掘金今天胜出，将杀进前八。但面对的是强大的勇士，掘金没太多机会。</p>\r\n\r\n<p style=\"text-align:start\">　　这是两队本赛季第二次交锋，上一次勇士轻松胜出24分之多。再度相遇，双方大举对攻，掘金虽然火力也很猛，但在勇士面前仍差了一截。</p>\r\n\r\n<p style=\"text-align:start\">　　两队都是小个阵容，场上的节奏非常快。库里本赛季明显减少了出手次数，今天他在前5分钟都没投篮。首节还有6分14秒时，他才首次出手，命中一记三分，勇士以19-15领先。两队战成26-26后，本节最后2分钟进攻更加疯狂，勇士在这段时间得了13分，而掘金也得了11分。尼尔森投中压哨球，掘金只以33-35落后。</p>\r\n\r\n<p style=\"text-align:start\">　　第二节双方攻势不减。本节还有7分07秒时，穆雷投中三分，掘金将以51-48超出，但汤普森马上还以三分，双方战平。两队比分交替上升，本节还有2分05秒时，汤普森连投带罚拿下3分，勇士以65-60领先。勇士此后连续投篮不中，在2分钟内未能得分，掘金将差距缩小到1分。不过杜兰特投中压哨三分，他们以68-64结束上半场。</p>\r\n\r\n<div class=\"otherContent_01\" id=\"ad_51777\" style=\"color: rgb(51, 51, 51); font-family: 宋体; font-size: 14px; font-style: normal; font-variant-ligatures: normal; font-variant-caps: normal; font-weight: normal; letter-spacing: normal; orphans: 2; text-align: start; text-indent: 0px; text-transform: none; white-space: normal; widows: 2; word-spacing: 0px; -webkit-text-stroke-width: 0px; background-color: rgb(255, 255, 255); display: block; margin: 10px 20px 10px 0px; float: left; overflow: hidden; clear: both; padding: 4px; width: 300px; height: 250px;\">&nbsp;</div>\r\n\r\n<p style=\"text-align:start\">　　两队在下半场终于状态下滑，防守也略有加强。上半场掘金不断杀入篮下，而且成功率很高，但第三节不再有这种好机会。相反的，勇士的中锋麦基几次篮下得分，他们逐渐将优势扩大到两位数。本节还有45秒时，格林两罚两中，勇士打出一波8-0，以94-80拉开差距。钱德勒还以三分，掘金连得5分后，前三节以85-94落后。</p>\r\n\r\n<p style=\"text-align:start\">　　钱德勒两度命中三分，掘金在第四节打了4分钟后将比分追成98-104。不过此后近3分钟掘金未能投篮命中，伊戈达拉和利文斯顿相继还以颜色，格林则投中三分，勇士打出一波15-2后，在本节中段以113-100拉开差距。</p>\r\n\r\n<p style=\"text-align:start\">　　掘金仍不断反击，比赛还有1分37秒时，约基奇中投命中，掘金连得7分，只以115-121落后。勇士没叫暂停，此后仍投篮不中，给了掘金继续迫近的机会，可惜哈里斯也中投失手。</p>\r\n', '2017-01-03 16:13:09', '焦轲', '2', '0', '1', '1', '20170103041309.jpg', '1');
INSERT INTO `t_news` VALUES ('124', '小米步枪!CBA名宿单挑勇士四巨 那1刻梦回中国', '<p style=\"text-align:start\">新浪体育讯　　北京时间1月3日消息，面对西部领头羊金州勇士，丹佛掘金并没有轻易缴械，虽然最终以119比127落败，可他们给对手制造了不少麻烦。威尔逊-钱德勒在比赛中表现抢眼，他在三四节间的开火让掘金一直顽抗到最后。</p>\r\n\r\n<p style=\"text-align:start\">　　钱德勒本场打了37分钟，16投8中，三分球8投3中，得到21分、4个篮板和2次抢断。钱德勒是掘金本场得分最高的球员，面对拥有四巨头的勇士，钱德勒没有丝毫畏惧，他带领球队用进攻给勇士制造了不小的麻烦。</p>\r\n\r\n<div class=\"otherContent_01\" id=\"ad_51777\" style=\"color: rgb(51, 51, 51); font-family: 宋体; font-size: 14px; font-style: normal; font-variant-ligatures: normal; font-variant-caps: normal; font-weight: normal; letter-spacing: normal; orphans: 2; text-align: start; text-indent: 0px; text-transform: none; white-space: normal; widows: 2; word-spacing: 0px; -webkit-text-stroke-width: 0px; background-color: rgb(255, 255, 255); display: block; margin: 10px 20px 10px 0px; float: left; overflow: hidden; clear: both; padding: 4px; width: 300px; height: 250px;\">&nbsp;</div>\r\n\r\n<p style=\"text-align:start\">　　因为这是一场对攻战，所以掘金在客场给勇士制造了不小的麻烦，上半场与主队打得难解难分。第三节临近尾声时，斯蒂芬-库里加强了个人进攻，他引领球队打出小高潮把优势拉开到14分，看起来勇士要用一波流的进攻让比赛失去悬念。这时在队友们纷纷哑火的时候，钱德勒站了出来，他的一记三分球为掘金续命。</p>\r\n\r\n<p style=\"text-align:start\">　　第四节开始后，钱德勒的良好手感延续，他再次命中三分，掘金一度把分差缩小到6分。只可惜两队还是有着明显的实力差距，掘金还是难逃落败命运。</p>\r\n\r\n<p style=\"text-align:start\">　　尽管球队输了球，但钱德勒面对四巨头毫不畏惧，他在进攻端与杜兰特、汤神等人对飙的镜头让人印象深刻。看着钱德勒的表现，让人似乎有梦回CBA的感觉，当年他堪称CBA杀神，在赛场上随意砍分。</p>\r\n\r\n<p style=\"text-align:start\">　　只要能保持身体健康，钱德勒还是一个相当出色的球员，能在进攻端给球队带来很全面的贡献。只是掘金缺少一个真正的核心，这让他们近几个赛季始终在西部前八名外徘徊，受困伤病的钱德勒也没有机会在更大的舞台上展现自己。</p>\r\n', '2017-01-03 16:14:05', '焦轲', '2', '0', '1', '1', '20170103041405.jpg', '1');
INSERT INTO `t_news` VALUES ('125', '英超风向变了！穆帅和克洛普一样神 瓜帅最失败', '<p style=\"text-align:start\">新浪体育讯　　英超争霸，是本赛季足坛最引人入胜的看点之一。赛季初段，瓜迪奥拉获得了无数赞誉，而穆里尼奥则遭到舆论惨批。但是如今，英超的风向却变了。《太阳报》在新年之初，为英超名帅的前半赛季表现打分，结果孔蒂不出意外的获得最高分，而穆里尼奥的评分则要高过瓜迪奥拉。（以下是英媒评分）</p>\r\n\r\n<p style=\"text-align:start\">　　<strong>孔蒂：9分（满分10分）</strong></p>\r\n\r\n<p style=\"text-align:start\">　　孔蒂在尤文图斯和意大利国家队的执教成绩都不错，但谁也没想到，孔蒂融入切尔西的速度竟然会这么快。孔蒂最开始延续切尔西之前的阵型，可在利物浦和阿森纳轮番打击切尔西后，孔蒂决定改变了。这两场败局，给了孔蒂改变的借口，他可以名正言顺的告诉切尔西球员用&ldquo;孔蒂的足球&rdquo;比赛。现如今，切尔西领跑英超积分榜，更重要的是，孔蒂唤回了切尔西的团队精神，并且让切尔西有了自己的战术风格。</p>\r\n\r\n<div class=\"img_wrapper\" style=\"text-align: center; padding-bottom: 5px; color: rgb(51, 51, 51); font-family: 宋体; font-size: 14px; font-style: normal; font-variant-ligatures: normal; font-variant-caps: normal; font-weight: normal; letter-spacing: normal; orphans: 2; text-indent: 0px; text-transform: none; white-space: normal; widows: 2; word-spacing: 0px; -webkit-text-stroke-width: 0px; background-color: rgb(255, 255, 255);\"><img alt=\"克洛普还得解决防守难题\" src=\"http://n.sinaimg.cn/sports/transform/20170103/MsOu-fxzencv3879126.jpg\" style=\"border:1px solid rgb(231, 231, 231); display:block; margin:0px auto; padding:0px\" /><span style=\"color:rgb(102, 102, 102); font-size:12px\">克洛普还得解决防守难题</span></div>\r\n\r\n<p style=\"text-align:start\">　　<strong>克洛普：8分</strong></p>\r\n\r\n<p style=\"text-align:start\">　　在经过两个转会窗口的调整后，现在的利物浦才真正算克洛普的利物浦。所有红军球员都按照克洛普的要求，踢起了高压足球，总的来说，利物浦有了一定的改进。现如今，利物浦看起来是切尔西头号争冠对手。不过利物浦也有一定的问题，那就是防守，克洛普还得下大力气去改进球队的防线。</p>\r\n\r\n<p style=\"text-align:start\">　　<strong>温格：7分</strong></p>\r\n\r\n<p style=\"text-align:start\">　　阿森纳一直身处前四，但这并不是阿森纳球迷想要的位置，枪迷们想要的是最前面的那个位置。无奈的现实是，阿森纳还是被老问题困扰着。比如在重要比赛中，阿森纳球员心态不稳等。温格的球队始终因为这样的问题，而不断丢分。对阵埃弗顿和曼城的败局证明，温格的球队距离顶级，还有着很长的路要走。</p>\r\n\r\n<div class=\"img_wrapper\" style=\"text-align: center; padding-bottom: 5px; color: rgb(51, 51, 51); font-family: 宋体; font-size: 14px; font-style: normal; font-variant-ligatures: normal; font-variant-caps: normal; font-weight: normal; letter-spacing: normal; orphans: 2; text-indent: 0px; text-transform: none; white-space: normal; widows: 2; word-spacing: 0px; -webkit-text-stroke-width: 0px; background-color: rgb(255, 255, 255);\"><img alt=\"瓜帅评分不及格\" src=\"http://n.sinaimg.cn/sports/transform/20170103/eDPf-fxzencv3879308.jpg\" style=\"border:1px solid rgb(231, 231, 231); display:block; margin:0px auto; padding:0px\" /><span style=\"color:rgb(102, 102, 102); font-size:12px\">瓜帅评分不及格</span></div>\r\n\r\n<p style=\"text-align:start\">　　<strong>瓜迪奥拉：5分</strong></p>\r\n\r\n<p style=\"text-align:start\">　　联赛第三、多赛一场距领头羊差7分，瓜迪奥拉在曼城交出的答卷无疑是不及格的，要知道，蓝月亮夏窗可是转会市场砸钱最多的球队。不过瓜迪奥拉今夏花费虽多，买人虽多，但真正在曼城发挥作用的新援却少之又少，布拉沃便是典型的例子。防守是曼城的一大短板，英超队看起来已经找到了对付瓜帅曼城的办法。瓜迪奥拉需要作出反应了，而不是一直坚持他的控球战术。</p>\r\n\r\n<div class=\"img_wrapper\" style=\"text-align: center; padding-bottom: 5px; color: rgb(51, 51, 51); font-family: 宋体; font-size: 14px; font-style: normal; font-variant-ligatures: normal; font-variant-caps: normal; font-weight: normal; letter-spacing: normal; orphans: 2; text-indent: 0px; text-transform: none; white-space: normal; widows: 2; word-spacing: 0px; -webkit-text-stroke-width: 0px; background-color: rgb(255, 255, 255);\"><img alt=\"穆帅进入佳境\" src=\"http://n.sinaimg.cn/sports/transform/20170103/RGI2-fxzencv3879391.png\" style=\"border:1px solid rgb(231, 231, 231); display:block; margin:0px auto; padding:0px\" /><span style=\"color:rgb(102, 102, 102); font-size:12px\">穆帅进入佳境</span></div>\r\n\r\n<div class=\"otherContent_01\" id=\"ad_44099\" style=\"color: rgb(51, 51, 51); font-family: 宋体; font-size: 14px; font-style: normal; font-variant-ligatures: normal; font-variant-caps: normal; font-weight: normal; letter-spacing: normal; orphans: 2; text-align: start; text-indent: 0px; text-transform: none; white-space: normal; widows: 2; word-spacing: 0px; -webkit-text-stroke-width: 0px; background-color: rgb(255, 255, 255); display: block; margin: 10px 20px 10px 0px; float: left; overflow: hidden; clear: both; padding: 4px; width: 300px; height: 250px;\">&nbsp;</div>\r\n\r\n<p style=\"text-align:start\">　　<strong>穆里尼奥：8分</strong></p>\r\n\r\n<p style=\"text-align:start\">　　别看曼联现在还没有进入前四，但他们目前却比本赛季任何时候都要强大。大卫-莫耶斯和范加尔时代曼联士气低迷的情况，显然没法被一夜扭转。也因此，穆里尼奥在赛季初时遇到了很大的困难。不过，穆里尼奥在困境中崛起，他作出了废黜鲁尼的艰难决定，此后曼联逐渐步入正轨。曼联看起来还得进行很多改进，不过穆里尼奥已经进入佳境，他开始真正享受老特拉福德的生活了。</p>\r\n', '2017-01-03 16:15:44', '焦轲', '2', '0', '0', '0', null, '0');
INSERT INTO `t_news` VALUES ('126', '李亚鹏新年携女登大觉寺 李嫣腿长有范儿', '<p style=\"text-align:start\">新浪娱乐讯 1月2日，李亚鹏<a class=\"wt_article_link\" href=\"http://weibo.com/1829847745?zw=ent\" style=\"text-decoration: none; outline: none; -webkit-tap-highlight-color: rgba(0, 0, 0, 0); color: rgb(204, 0, 0);\" target=\"_blank\">[微博]</a>晒出与女儿李嫣登香山，造访大觉寺的照片。李亚鹏感慨：&ldquo;在一座客居的城市里，除了生活和工作，对这座城的山水和寺庙也如此的熟悉，才会觉得自己真的成了这座城的人。&rdquo;</p>\r\n\r\n<p style=\"text-align:start\">　　照片中，李亚鹏与女儿穿黑色羽绒服，李嫣小小年纪已有长腿，走在爸爸李亚鹏的前面，颇有妈妈王菲<a class=\"wt_article_link\" href=\"http://weibo.com/1629810574?zw=ent\" style=\"text-decoration: none; outline: none; -webkit-tap-highlight-color: rgba(0, 0, 0, 0); color: rgb(204, 0, 0);\" target=\"_blank\">[微博]</a>的风范。</p>\r\n', '2017-01-03 16:16:58', '焦轲', '3', '0', '1', '1', '20170103041920.jpg', '1');
INSERT INTO `t_news` VALUES ('127', '壕！范冰冰年终奖曾发新款手机加欧洲旅游', '<p style=\"text-align:start\">新浪娱乐讯 据台媒报道，曾霸气放话&ldquo;我不需要嫁入豪门，因为我就是豪门&rdquo;的范冰冰<a class=\"wt_article_link\" href=\"http://weibo.com/3952070245?zw=ent\" style=\"text-decoration: none; outline: none; -webkit-tap-highlight-color: rgba(0, 0, 0, 0); color: rgb(204, 0, 0);\" target=\"_blank\">[微博]</a>不仅收入丰厚，对待工作室员工也十分大方；早年，范冰冰知道助理没钱付婚礼订金时还曾帮忙代付。新年到来，范冰冰会给工作室员工多少年终奖金也备受关注。</p>\r\n\r\n<p style=\"text-align:start\">　　据悉，范冰冰2015年的广告收益就高达人民币2亿元，年终大奖不止送最新型手机，还有欧洲豪华之旅。</p>\r\n', '2017-01-03 16:17:41', '焦轲', '3', '2', '1', '0', null, '1');
INSERT INTO `t_news` VALUES ('128', '豆得儿下线?王思聪包岛跨年 与新欢享晚餐', '<p><span style=\"color:rgb(102, 102, 102); font-family:microsoft yahei,simsun; font-size:16px\">近日，王思聪抵达马尔代夫，包下一个小岛跨年兼庆祝生日。网友拍到王思聪与新欢共进晚餐的照片，&ldquo;豆得儿&rdquo;疑似正式下线。 </span></p>\r\n', '2017-01-03 16:18:18', '焦轲', '3', '0', '1', '0', null, '1');
INSERT INTO `t_news` VALUES ('129', '伊能静儿子搞怪模仿妹妹 被侃：傻哥哥', '<p style=\"text-align:start\">伊能静<a class=\"wt_article_link\" href=\"http://weibo.com/1197931472?zw=ent\" style=\"text-decoration: none; outline: none; -webkit-tap-highlight-color: rgba(0, 0, 0, 0); color: rgb(204, 0, 0);\" target=\"_blank\">[微博]</a>在微博晒出一张儿子和女儿搞怪互动的照片，配文称，&ldquo;新的一年，唯愿你们相互照应一生。傻哥哥、好妹妹，新年好啊。&rdquo;照片中，哥哥小王子躺在床上，双手搬着自己的脚抬起，动作搞怪，眼睛却不忘宠溺地注视着身边的妹妹。一旁的米粒歪头侧身看着哥哥的搞怪姿态，也像模像样地抬起了自己的小肉腿，手指张开试图抓住它。</p>\r\n\r\n<p style=\"text-align:start\">　　网友们看到神同步的兄妹俩后，纷纷留言点赞，&ldquo;艾玛这张照片好萌好可爱！&rdquo;也有网友称哥哥真的十分宠爱妹妹，&ldquo;小王子是怕妹妹不接受自己是个大人吗？哈哈哈，为了合群小王子也是拼了！&rdquo;还有网友调侃胖嘟嘟的小米粒儿，&ldquo;妹妹大腿不比哥哥细哈！</p>\r\n', '2017-01-03 16:20:10', '焦轲', '3', '2', '0', '0', null, '0');
INSERT INTO `t_news` VALUES ('130', '中国地大考研发错试卷通知补考：因工作失误', '<p style=\"text-align:start\">千龙-法晚联合报道（记者 张丽） 2016年12月30日，考研刚刚结束五天，中国地质大学（武汉）地球科学学院在官方网站上发布通知，称因工作失误，《普通地质学》（自命题）科目考试使用了错误的试卷，决定对该科目进行补考。昨天下午，该校研招办称，目前学院已安排老师专门联系考生进行补考。</p>\r\n\r\n<p style=\"text-align:start\">　　中国地质大学（武汉）地球科学学院在官方网站上的通知称，在2017年硕士研究生招生考试中，由于工作失误，《普通地质学》（自命题）科目考试使用了错误试卷。根据国家研究生招生管理相关规定，经学校研究生招生工作领导小组研究，报省级教育招生考试机构审批，决定对该科目进行补考。</p>\r\n\r\n<p style=\"text-align:start\">　　通知还表示，本次补考不收取考生任何费用。学院为考生报销城市间交通费，提供食宿费、市内交通费定额补助。学院工作人员将通过电话、短信、邮件等方式与考生联系。</p>\r\n\r\n<p style=\"text-align:start\">　　通知强调，本次补考执行2017年全国硕士研究生招生考试有关管理规定，相关考生均须参加本次补考，该科目成绩以本次补考成绩为准。请考生做好参加考试的准备，提前预订车票、住宿。</p>\r\n\r\n<p style=\"text-align:start\">　　校研招办 正通知考生并协调考场安排</p>\r\n\r\n<div class=\"otherContent_01\" id=\"ad_56053\" style=\"color: rgb(0, 0, 0); font-family: &quot;Microsoft Yahei&quot;, Simsun; font-size: 14px; font-style: normal; font-variant-ligatures: normal; font-variant-caps: normal; font-weight: normal; letter-spacing: normal; orphans: 2; text-align: start; text-indent: 0px; text-transform: none; white-space: normal; widows: 2; word-spacing: 0px; -webkit-text-stroke-width: 0px; display: block; margin: 10px 20px 10px 0px; float: left; overflow: hidden; clear: both; padding: 4px; width: 300px; height: 250px;\"><ins><ins><a href=\"http://sax.sina.com.cn/mfp/click?type=3&amp;t=MjAxNy0wMS0wMyAxNjoyMDo0Mgk2MC4yMTEuMTU3LjIJNjAuMjExLjE1Ny4yXzE0ODM0Mjk2NDEuMTc3OTEyCWh0dHA6Ly9lZHUuc2luYS5jb20uY24va2FveWFuLzIwMTctMDEtMDIvZG9jLWlmeHpjemZmMzUxNjk5Ni5zaHRtbAlQRFBTMDAwMDAwMDU2MDUzCTQ5MzU2MWExLTIwMWMtNGU4ZC04MTkwLTNhYjQxOGQ0MWQzYQkyOTkyRjRBMDI2MTAJMjk5MkY0QTAyNjEwCWF1dG9fbGV2ZWw6MTgwMTAwfHVzZXJfZ3JvdXA6OTAzLDkwMSw5MTB8dXNlcl90YWc6MjA5NTh8cG9zOlBEUFMwMDAwMDAwNTYwNTN8d2FwX29zOjcwMHx1c2VyX2FnZTo2MDIsNjAzLDYwMXx2X3pvbmU6MzI0MDAwLDMyNDAxNnx1c2VyX2dlbmRlcjo1MDF8X3Zfem9uZTozMjQwMDAsMzI0MDE2fGF1dG9fcHJpY2U6MTgwMjAwfG1vYmlsZV9icmFuZDoxMjA5fG1vYmlsZV9icm93c2VyOjgwMnx2ZXJzaW9uOnBhZ2U6MS4wCQkzMjQwMDB8MzI0MDE2CTI5OTJGNEEwMjYxMAlOQjE2MTIxMTI0CQkyOTkyRjRBMDI2MTAJQUUJLQk0MAktCS0JLQktCS0JLQktCS0JNQkxCS0JMAkwCW9zOndpbmRvd3NudDZ8YnJvd3NlcjpjaHJvbWV8cGxhdGZvcm06b3RoZXJ8ZGV2aWNlOm90aGVy&amp;url=http%3A%2F%2Fwww.cscdf.org%2Fzhuanti%2F20160913%2F&amp;captcha=3372431608467397876&amp;viewlog=false&amp;userid=60.211.157.2_1483429641.177912\" style=\"text-decoration: none; outline: none; -webkit-tap-highlight-color: rgba(0, 0, 0, 0); display: block; line-height: 0;\" target=\"_blank\"><img alt=\"//d1.sina.com.cn/201612/31/1443609.jpg\" src=\"http://d1.sina.com.cn/201612/31/1443609.jpg\" style=\"border:0px; height:250px; vertical-align:middle; width:300px\" /></a></ins></ins>\r\n\r\n<div style=\"width: 26px; height: 13px; position: absolute; right: 1px; bottom: 1px; z-index: 99; background: url(&quot;//d2.sina.com.cn/litong/zhitou/sinaads/release/ad_logo_update_IAB.gif&quot;) no-repeat;\">&nbsp;</div>\r\n</div>\r\n\r\n<p style=\"text-align:start\">　　昨天下午，记者联系了两位参加该院此次考试的考生，他们均表示，确实出现了发错试卷一事，目前也已接到了补考的通知。</p>\r\n\r\n<p style=\"text-align:start\">　　&ldquo;太不可思议了&rdquo;，一考生告诉记者，听说发错的试卷是2015年的试卷，&ldquo;如果有考生之前做过该试卷对于我来说就太不公平了啊，那只好重考。&rdquo;另一山东考生坦言，本来考试完计划出游放松一下，这回又得重新专心备考了。</p>\r\n\r\n<p style=\"text-align:start\">　　随后，记者也联系了一位参加地大北京校区研究生考试的河南考生，她告诉记者，北京校区没有出现发错试卷的情况。</p>\r\n\r\n<p style=\"text-align:start\">　　昨天下午，记者从中国地质大学（武汉）研招办了解到，该校地球科学学院确有发错试卷一事，目前学院已安排老师专门联系考生进行补考。&ldquo;具体情况学院老师会和考生具体联系，我们也会负责协调考场的安排。&rdquo;他说，具体补考事宜以学院官网发布的通知为准。</p>\r\n\r\n<p style=\"text-align:start\">　　而中国地质大学（武汉）地球科学学院负责向考生通知补考的张老师表示，她只负责通知考生，关于补考的具体事情，一切以学院官网通知为准。</p>\r\n', '2017-01-03 16:22:05', '焦轲', '3', '2', '0', '0', null, '1');
INSERT INTO `t_news` VALUES ('131', '继续提高重点高校招收贫困生比例', '<p style=\"text-align:start\">李克强主持国务院常务会通过国家教育事业发展&ldquo;十三五&rdquo;规划</p>\r\n\r\n<p style=\"text-align:start\">　　继续提高重点高校招收贫困生比例</p>\r\n\r\n<p style=\"text-align:start\">　　逐步建立基于平时学业和统一考试、参考综合素质评价的普通高中和高校招生录取机制</p>\r\n\r\n<p style=\"text-align:start\">　　■会议确定扩大对外开放积极利用外资的政策措施：&ldquo;中国制造2025&rdquo;战略的政策措施同等适用内外资企业。取消轨道交通设备、摩托车、燃料乙醇、油脂加工等制造业领域外资准入限制，放开会计审计、建筑设计等服务业准入。支持外资以特许经营方式参与能源、水利、环保、市政等基础设施建设运营</p>\r\n\r\n<p style=\"text-align:start\">　　据新华社北京12月29日电　国务院总理李克强12月28日主持召开国务院常务会议，通过国家教育事业发展&ldquo;十三五&rdquo;规划，推进教育现代化为国家建设提供人才支撑；确定扩大对外开放积极利用外资的政策措施，营造更加公平便利的市场环境。</p>\r\n\r\n<p style=\"text-align:start\">　　会议通过了国家教育事业发展&ldquo;十三五&rdquo;规划，确定：一是推进教育公平。推动义务教育东中西部均衡发展，尤其要提高义务教育巩固率。增加中西部、贫困地区、革命老区、民族和边疆地区教育投入。继续提高重点高校招收贫困地区学生比例。实施教育扶贫结对帮扶，实现每一所贫困地区学校都有对口支援学校。保障残疾少儿、家庭经济困难学生、随迁子女、留守儿童等特殊群体平等受教育权利。二是推进教育教学改革，促进提高学生创新和实践能力。落实学校办学自主权，鼓励有条件的普通高中实行&ldquo;选课制&rdquo;、&ldquo;走班制&rdquo;，推行产教融合的职业教育模式，新增高教资源向新的城镇化地区、产业集聚区等延伸，探索建立适应弹性学习、学分制和主辅修制的本科教学制度，逐步建立基于平时学业和统一考试、参考综合素质评价的普通高中和高校招生录取机制。鼓励高校推进内设机构取消行政级别试点。依法保障和提高教师待遇，吸引一流人才从教。三是优化教育结构。在加强通识教育的同时，优先发展应用技术类和特色院校，新增高校招生计划主要向应用和技术技能型人才培养倾斜，加快培养现代农业、先进制造、服务业等急需人才。四是扩大教育开放合作，鼓励社会力量和民间资本举办学校和教育机构，探索对非营利性和营利性民办学校实行差别化扶持，依法完善中外合作办学办法，提高教育国际交流合作水平。利用大数据、云计算等信息技术，推动&ldquo;互联网+教育&rdquo;发展，促进优质教育资源共建共享。</p>\r\n\r\n<div class=\"otherContent_01\" id=\"ad_56053\" style=\"color: rgb(0, 0, 0); font-family: &quot;Microsoft Yahei&quot;, Simsun; font-size: 14px; font-style: normal; font-variant-ligatures: normal; font-variant-caps: normal; font-weight: normal; letter-spacing: normal; orphans: 2; text-align: start; text-indent: 0px; text-transform: none; white-space: normal; widows: 2; word-spacing: 0px; -webkit-text-stroke-width: 0px; display: block; margin: 10px 20px 10px 0px; float: left; overflow: hidden; clear: both; padding: 4px; width: 300px; height: 250px;\"><ins><ins><a href=\"http://sax.sina.com.cn/mfp/click?type=3&amp;t=MjAxNy0wMS0wMyAxNjoyMToyMgk2MC4yMTEuMTU3LjIJNjAuMjExLjE1Ny4yXzE0ODM0Mjk2NDEuMTc3OTEyCWh0dHA6Ly9lZHUuc2luYS5jb20uY24vZ2Fva2FvLzIwMTYtMTItMzEvZG9jLWlmeHpjemZjNjY0MjEzOS5zaHRtbAlQRFBTMDAwMDAwMDU2MDUzCTVlODI1MWNhLWFmNjUtNDQ4ZC1iNjBlLTcwMGQ5MDYxYzczMAkyOTkyRjRBMDI2MTAJMjk5MkY0QTAyNjEwCWF1dG9fbGV2ZWw6MTgwMTAwfHVzZXJfZ3JvdXA6OTAzLDkwMSw5MTB8dXNlcl90YWc6MjA5NTh8cG9zOlBEUFMwMDAwMDAwNTYwNTN8d2FwX29zOjcwMHx1c2VyX2FnZTo2MDIsNjAzLDYwMXx2X3pvbmU6MzI0MDAwLDMyNDAxNnx1c2VyX2dlbmRlcjo1MDF8X3Zfem9uZTozMjQwMDAsMzI0MDE2fGF1dG9fcHJpY2U6MTgwMjAwfG1vYmlsZV9icmFuZDoxMjA5fG1vYmlsZV9icm93c2VyOjgwMnx2ZXJzaW9uOnBhZ2U6MS4wCQkzMjQwMDB8MzI0MDE2CTI5OTJGNEEwMjYxMAlOQjE2MTIxMTI0CQkyOTkyRjRBMDI2MTAJQUUJLQk0MAktCS0JLQktCS0JLQktCS0JNQkxCS0JMAkwCW9zOndpbmRvd3NudDZ8YnJvd3NlcjpjaHJvbWV8cGxhdGZvcm06b3RoZXJ8ZGV2aWNlOm90aGVy&amp;url=http%3A%2F%2Fwww.cscdf.org%2Fzhuanti%2F20160913%2F&amp;captcha=3372431608467397876&amp;viewlog=false&amp;userid=60.211.157.2_1483429641.177912\" style=\"text-decoration: none; outline: none; -webkit-tap-highlight-color: rgba(0, 0, 0, 0); display: block; line-height: 0;\" target=\"_blank\"><img alt=\"//d1.sina.com.cn/201612/31/1443609.jpg\" src=\"http://d1.sina.com.cn/201612/31/1443609.jpg\" style=\"border:0px; height:250px; vertical-align:middle; width:300px\" /></a></ins></ins>\r\n\r\n<div style=\"width: 26px; height: 13px; position: absolute; right: 1px; bottom: 1px; z-index: 99; background: url(&quot;//d2.sina.com.cn/litong/zhitou/sinaads/release/ad_logo_update_IAB.gif&quot;) no-repeat;\">&nbsp;</div>\r\n</div>\r\n\r\n<p style=\"text-align:start\">　　会议认为，要毫不动摇坚持对外开放基本国策，按照内外资一视同仁的原则，进一步营造公平竞争环境，推动新一轮高水平对外开放，实现互利共赢。一要修订《外商投资产业指导目录》及相关政策法规，鼓励外商更多投资高端、智能、绿色等先进制造业和工业设计、现代物流等生产性服务业。&ldquo;中国制造2025&rdquo;战略的政策措施同等适用内外资企业。取消轨道交通设备、摩托车、燃料乙醇、油脂加工等制造业领域外资准入限制，放开会计审计、建筑设计等服务业准入。支持外资以特许经营方式参与能源、水利、环保、市政等基础设施建设运营。二要以深化改革促开放，降低制度性交易成本。推进对外资全面实施准入前国民待遇加负面清单管理模式，简化外资企业设立、变更等程序，落实内外资统一的注册资本制度，取消外资公司最低注册资本要求，对业务牌照和资质申请实行统一标准、统一时限，缩短海关登记、申领发票等办理时间。各地区各部门不得擅自增加对外资企业的限制。政府采购依法依规平等对待外资企业在中国境内生产的产品。三要允许外资企业参与国家科技项目和标准化工作，同等适用研发费用加计扣除、高新技术企业优惠政策等。持有永久居留证的外籍高层次人才创办科技型企业，与中国公民享受同等待遇。严格保护外资企业知识产权。四要支持中西部地区承接外资产业转移，对鼓励类外商投资可在资金、用地、所得税等方面给予支持和优惠，不断深化中西部对外开放合作。</p>\r\n', '2017-01-03 16:22:44', '焦轲', '4', '8', '0', '0', null, '1');
INSERT INTO `t_news` VALUES ('132', '央行新规对出国留学有何影响', '<p style=\"text-align:start\">2016年12月30日中国人民银行〔2016〕第3号发布了《金融机构大额交易和可疑交易报告管理办法》（以下简称《办法》）。晨雾认为《办法》发布的核心作用是降低货币（人民币和外币）的流动性，包括货币在境内流动性和跨境流动性。另一个目的是控制大额度现金交易，反恐反洗钱目的明显。</p>\r\n\r\n<p style=\"text-align:start\">　　《办法》发布的同时央行网站发表央行负责人长篇的答记者问。网上各种观点也议论纷纷。本文试图站在出国留学生家长角度，通过解读《办法》对自然人的具体影响，分析《办法》对出国留学有何影响。</p>\r\n\r\n<p style=\"text-align:start\">　　此《办法》实际上是央行对10年前中国人民银行令〔2006〕第2号发布的《金融机构大额交易和可疑交易报告管理办法》的修订（本文后面附有原文相关部分）。我们如果将此《办法》仔细对照现行的2006年的《办法》，发现涉及到自然人的修改只有两处：</p>\r\n\r\n<p style=\"text-align:start\">　　1。将大额现金交易的人民币报告标准由目前的当日单笔或者累计&ldquo;20万元&rdquo;调整为&ldquo;5万元&rdquo;。</p>\r\n\r\n<p style=\"text-align:start\">　　2。&nbsp;新增大额跨境交易人民币报告标准内容。以人民币计价的大额跨境交易报告标准设定为&ldquo;当日单笔或者累计人民币20万元&rdquo;。</p>\r\n\r\n<p style=\"text-align:start\">　　由此看来，这两项变化既没有涉及到购汇额度，有没有涉及到外币跨境汇款限制。似乎对出国留学并无影响。真的如此吗？</p>\r\n\r\n<p style=\"text-align:start\">　　我们注意到新《办法》第5条定义的大额交易的四种类型中，有三种是关于自然人的交易行为，分别为大额现金交易、大额境内转账交易和大额跨境转账交易。为了完整准确地理解新《办法》对自然人行为的影响，我们分别解读并举例如下：</p>\r\n\r\n<p style=\"text-align:start\">　　1。大额现金交易：</p>\r\n\r\n<p style=\"text-align:start\">　　当日单笔或者累计交易人民币5万元（含）以上、外币等值1万美元（含）以上的现金缴存、现金支取、现金结售汇、现钞兑换、现金汇款、现金票据解付及其他形式的现金收支。</p>\r\n\r\n<p style=\"text-align:start\">　　举例1：当日单笔或者累计将5万元以上人民币（或1万美元等值外币）现金存入自己的账户，或者从自己的账户取出。</p>\r\n\r\n<p style=\"text-align:start\">　　举例2：当日单笔或者累计用人民币现金从银行兑换1万美元以上等值外币现金，或者持1万以上美元等值外币现金从银行兑换等值人民币。</p>\r\n\r\n<p style=\"text-align:start\">　　举例3：当日单笔或者累计用1万美元以上等值外币现金从银行兑换等值其他币种外币现金。</p>\r\n\r\n<p style=\"text-align:start\">　　举例4：当日单笔或者累计将5万元以上人民币（或1万美元等值外币）现金交给银行汇到任何其他账户。</p>\r\n\r\n<p style=\"text-align:start\">　　举例5：当日单笔或者累计持5万元以上人民币（或1万美元等值外币）现金支票到银行支取现金。</p>\r\n\r\n<p style=\"text-align:start\">　　我们看出大额现金交易的管理很显然主要是出于反洗钱的目的，对境内人民币现金交易实行了更严格的报告标准，但是对境内外币现金交易仍然维持现行的1万美元等值外币的报告标准。因此大额现金交易报告标准的变化对出国留学几乎没有影响。</p>\r\n', '2017-01-03 16:23:47', '焦轲', '4', '2', '0', '0', null, '1');
INSERT INTO `t_news` VALUES ('133', '英媒发单词填空题 老外提笔忘字大呼坑爹', '<h1 style=\"text-align:start\"><span style=\"color:rgb(0, 0, 0); font-family:microsoft yahei,simsun; font-size:18px\">中国人常说&ldquo;提笔忘字&rdquo;，说英语的老外们也同样有这个苦恼。英国媒体《每日邮报》12月29日在网站上转载了Playbuzz于近日发布的一套选词填空试题，主要考察答题人的单词拼写能力。就是这样一份基础到不能再基础的试题，却让英语为母语的外国朋友们大呼&ldquo;坑爹&rdquo;。看来通过了学校的英语考试并不等于在生活中能准确无误地运用英语。那么，同样学了多年英语的我们，准备好了吗？看看你的英语到底&ldquo;有多好&rdquo;。</span></h1>\r\n', '2017-01-03 16:24:52', '焦轲', '4', '1', '1', '0', null, '1');
INSERT INTO `t_news` VALUES ('134', '拜年短信连续三年下滑 网络贺年成主流', '<p style=\"text-align:start\">　2003年，程雷上了大学，买了人生第一部手机。那年春节起，短信成了他最主要的贺年方式。他还记得，12月31日23点59分，很多人会将元旦祝福短信群发给同学亲友，他的手机也会收到来自四面八方的&ldquo;短信轰炸&rdquo;。</p>\r\n\r\n<p style=\"text-align:start\">　　再后来，随着智能手机的普及，程雷注意到，新年之际几乎不会收到短信了，自己也不会再发短信，&ldquo;说不清楚啥时候开始的，大家开始流行微信祝福，或者就是直接红包大战了。&rdquo;</p>\r\n', '2017-01-03 16:26:42', '焦轲', '5', '0', '0', '1', '20170103042705.jpeg', '1');
INSERT INTO `t_news` VALUES ('135', '深圳将建石墨烯产业中心 要成与硅谷媲美的烯谷', '<p style=\"text-align:start\">　　深圳将建全国乃至全球石墨烯产业中心，在新一轮产业发展中占据先机。记者从近日在深圳举行的石墨烯产业发展座谈会上获悉，深圳非常重视石墨烯产业，对相关研究机构、产业联盟、企业进行扶持，力争在产业标准、研发、应用方面实现突破。</p>\r\n\r\n<div class=\"otherContent_01\" id=\"ad_42124\" style=\"color: rgb(0, 0, 0); font-family: &quot;Microsoft Yahei&quot;, Simsun; font-size: 14px; font-style: normal; font-variant-ligatures: normal; font-variant-caps: normal; font-weight: normal; letter-spacing: normal; orphans: 2; text-align: start; text-indent: 0px; text-transform: none; white-space: normal; widows: 2; word-spacing: 0px; -webkit-text-stroke-width: 0px; display: block; margin: 10px 20px 10px 0px; float: left; overflow: hidden; clear: both; padding: 4px; width: 300px; height: 250px;\">&nbsp;</div>\r\n\r\n<p style=\"text-align:start\">　　座谈会由中国国际石墨烯资源产业联盟指导、深圳工业总会主办。</p>\r\n\r\n<p style=\"text-align:start\">　　中国国际石墨烯资源产业联盟理事长张景安表示，石墨烯正在成为当代颠覆性新材料，我国在石墨烯领域的专利申请、论文发表和资源占有都是世界第一。深圳石墨烯产业发展市场环境好、研发水平高、产业转化快，已诞生了一批行业领军企业。希望深圳加大力度，使深圳成为未来世界的石墨烯产业中心，成为与美国硅谷媲美的&ldquo;烯谷&rdquo;。</p>\r\n\r\n<p style=\"text-align:start\">　　据悉，深圳拥有全国最大的石墨烯应用市场，深圳锂电池、电动汽车、手机企业众多，产业链配套条件全国领先。深圳企业在石墨烯研发及应用领域实现一定的突破，比如华讯方舟成功造出世界首块石墨烯太赫兹芯片，烯旺科技在全球范围内最早将石墨烯科研成果产业化，华为与曼彻斯特大学合作开展石墨烯应用研究，比亚迪正全力研发石墨烯&mdash;磷酸铁锂电池等。同时，深圳清华大学研究院、深圳大学等在石墨烯的制备及其在锂离子电池中的应用方面都积累了一定的研究基础。</p>\r\n', '2017-01-03 16:27:40', '焦轲', '5', '5', '0', '0', null, '0');
INSERT INTO `t_news` VALUES ('136', '贴吧门和魏则西事件缠身 李彦宏如何挥别2016？', '<p style=\"text-align:start\">2016年的尾巴，百度又获得了一次刷屏。它以近亿估值全资收购了&ldquo;李叫兽&rdquo;公众号及其团队，&ldquo;李叫兽&rdquo;本名李靖，出生于1991年，有一系列营销方法论，成了百度最年轻的副总裁。</p>\r\n\r\n<p style=\"text-align:start\">　　有人感慨，都说百度收购的动作慢了，但快起来还是有点眼花缭乱，不知道它这一个亿买了什么？其实，对百度而言，花这点钱不算什么，另外，百度副总裁有二十多位，并不意味着李靖就进入了核心管理层。岁尾给公司注入更有活力的血液，这笔钱花得还算值。</p>\r\n\r\n<p style=\"text-align:start\">　　将日历翻回一个半月前，北京已是初冬，乌镇依然满眼翠绿。小镇一年中最沸腾的日子就在这几天，中文互联网世界最有话语权的人齐聚于此。每到黄昏，细雨洒落小巷，最具价值的时光才刚刚开始，那些或喧嚣或隐秘的宴会，比白天正襟危坐的论坛更有嚼头。</p>\r\n\r\n<p style=\"text-align:start\">　　11月17日晚，乌镇78号民宿，百度董事长李彦宏做东请客。这次聚会没有网易CEO丁磊的&ldquo;互联网半壁江山饭局&rdquo;那样出名，更像私人小聚，门口没有记者蹲守，事后也没有流传出段子。到场的有杨致远、雷军、田溯宁、沈南鹏、龚宇等。他们都是李彦宏比较谈得来的朋友，这些人坐在一起，你很容易在他们身上找到共同特点，那就是理性与冷静。据说，那天有一半的时间，大家都在讨论乐视。当时乐视危机刚刚浮出水面，从11月2日至7日，四个交易日内市值蒸发128亿元。</p>\r\n\r\n<p style=\"text-align:start\">　　没有人提到百度在这一年所遇到的危机，那天是李彦宏48岁生日，这个猴年，他过得相当不平静。</p>\r\n', '2017-01-03 16:28:21', '焦轲', '5', '7', '1', '0', null, '1');

-- ----------------------------
-- Table structure for t_newstype
-- ----------------------------
DROP TABLE IF EXISTS `t_newstype`;
CREATE TABLE `t_newstype` (
  `newsTypeId` int(11) NOT NULL AUTO_INCREMENT,
  `typeName` varchar(20) DEFAULT NULL,
  PRIMARY KEY (`newsTypeId`)
) ENGINE=InnoDB AUTO_INCREMENT=6 DEFAULT CHARSET=utf8;

-- ----------------------------
-- Records of t_newstype
-- ----------------------------
INSERT INTO `t_newstype` VALUES ('1', '军事新闻');
INSERT INTO `t_newstype` VALUES ('2', '体育新闻');
INSERT INTO `t_newstype` VALUES ('3', '娱乐新闻');
INSERT INTO `t_newstype` VALUES ('4', '教育新闻');
INSERT INTO `t_newstype` VALUES ('5', '科技新闻');

-- ----------------------------
-- Table structure for t_user
-- ----------------------------
DROP TABLE IF EXISTS `t_user`;
CREATE TABLE `t_user` (
  `userId` int(11) NOT NULL AUTO_INCREMENT,
  `userName` varchar(20) DEFAULT NULL,
  `password` varchar(20) DEFAULT NULL,
  PRIMARY KEY (`userId`)
) ENGINE=InnoDB AUTO_INCREMENT=2 DEFAULT CHARSET=utf8;

-- ----------------------------
-- Records of t_user
-- ----------------------------
INSERT INTO `t_user` VALUES ('1', 'admin', '123456');
